sample_index,elapsed_ns,code
0,547,0
1,475,0
2,470,0
3,415,0
4,386,0
5,439,0
6,403,0
7,430,0
8,396,0
9,402,0
10,404,0
11,412,0
12,398,0
13,399,0
14,401,0
15,500,0
16,515,0
17,500,0
18,487,0
19,504,0
20,500,0
21,472,0
22,477,0
23,499,0
24,502,0
25,517,0
26,533,0
27,512,0
28,506,0
29,506,0
30,502,0
31,500,0
32,479,0
33,470,0
34,462,0
35,486,0
36,506,0
37,496,0
38,499,0
39,507,0
40,473,0
41,502,0
42,509,0
43,469,0
44,525,0
45,453,0
46,504,0
47,520,0
48,476,0
49,504,0
50,504,0
51,515,0
52,505,0
53,461,0
54,512,0
55,495,0
56,485,0
57,495,0
58,525,0
59,484,0
60,486,0
61,500,0
62,484,0
63,539,0
64,544,0
65,514,0
66,475,0
67,529,0
68,494,0
69,515,0
70,526,0
71,500,0
72,507,0
73,473,0
74,502,0
75,506,0
76,520,0
77,485,0
78,507,0
79,484,0
80,486,0
81,486,0
82,520,0
83,517,0
84,532,0
85,516,0
86,496,0
87,525,0
88,492,0
89,496,0
90,482,0
91,493,0
92,489,0
93,524,0
94,496,0
95,489,0
96,483,0
97,504,0
98,534,0
99,497,0
100,489,0
101,502,0
102,505,0
103,483,0
104,500,0
105,485,0
106,480,0
107,504,0
108,492,0
109,513,0
110,496,0
111,472,0
112,468,0
113,502,0
114,500,0
0,392,0
1,428,0
2,449,0
3,409,0
4,386,0
5,405,0
6,393,0
7,416,0
8,407,0
9,400,0
10,398,0
11,382,0
12,397,0
13,397,0
14,419,0
15,504,0
16,489,0
17,463,0
18,454,0
19,504,0
20,484,0
21,498,0
22,468,0
23,475,0
24,476,0
25,476,0
26,519,0
27,493,0
28,480,0
29,465,0
30,483,0
31,475,0
32,445,0
33,462,0
34,468,0
35,459,0
36,490,0
37,455,0
38,472,0
39,468,0
40,457,0
41,456,0
42,484,0
43,461,0
44,512,0
45,469,0
46,438,0
47,477,0
48,491,0
49,450,0
50,469,0
51,475,0
52,461,0
53,457,0
54,480,0
55,484,0
56,447,0
57,492,0
58,489,0
59,460,0
60,445,0
61,456,0
62,445,0
63,461,0
64,486,0
65,470,0
66,453,0
67,483,0
68,469,0
69,471,0
70,496,0
71,457,0
72,487,0
73,444,0
74,468,0
75,464,0
76,451,0
77,442,0
78,501,0
79,471,0
80,478,0
81,473,0
82,487,0
83,494,0
84,485,0
85,447,0
86,478,0
87,490,0
88,460,0
89,482,0
90,438,0
91,485,0
92,471,0
93,485,0
94,470,0
95,467,0
96,453,0
97,449,0
98,471,0
99,465,0
100,466,0
101,462,0
102,475,0
103,474,0
104,475,0
105,453,0
106,441,0
107,485,0
108,470,0
109,471,0
110,464,0
111,476,0
112,435,0
113,468,0
114,452,0
0,376,0
1,425,0
2,420,0
3,394,0
4,399,0
5,380,0
6,392,0
7,393,0
8,393,0
9,393,0
10,387,0
11,380,0
12,389,0
13,393,0
14,386,0
15,479,0
16,465,0
17,450,0
18,478,0
19,484,0
20,445,0
21,477,0
22,446,0
23,450,0
24,472,0
25,453,0
26,478,0
27,475,0
28,446,0
29,445,0
30,458,0
31,448,0
32,464,0
33,456,0
34,447,0
35,433,0
36,470,0
37,440,0
38,459,0
39,460,0
40,464,0
41,461,0
42,466,0
43,456,0
44,459,0
45,458,0
46,426,0
47,462,0
48,465,0
49,447,0
50,455,0
51,477,0
52,452,0
53,457,0
54,473,0
55,472,0
56,427,0
57,446,0
58,465,0
59,455,0
60,430,0
61,466,0
62,437,0
63,453,0
64,475,0
65,468,0
66,426,0
67,495,0
68,459,0
69,460,0
70,496,0
71,437,0
72,468,0
73,440,0
74,450,0
75,438,0
76,440,0
77,421,0
78,469,0
79,440,0
80,460,0
81,460,0
82,460,0
83,467,0
84,471,0
85,439,0
86,473,0
87,499,0
88,458,0
89,455,0
90,439,0
91,485,0
92,470,0
93,471,0
94,460,0
95,452,0
96,443,0
97,431,0
98,463,0
99,454,0
100,450,0
101,448,0
102,482,0
103,454,0
104,459,0
105,446,0
106,443,0
107,449,0
108,461,0
109,469,0
110,466,0
111,460,0
112,421,0
113,461,0
114,448,0
0,378,0
1,401,0
2,425,0
3,376,0
4,396,0
5,388,0
6,391,0
7,395,0
8,394,0
9,396,0
10,387,0
11,378,0
12,386,0
13,385,0
14,384,0
15,478,0
16,455,0
17,442,0
18,454,0
19,468,0
20,438,0
21,469,0
22,435,0
23,448,0
24,459,0
25,447,0
26,476,0
27,466,0
28,446,0
29,444,0
30,448,0
31,443,0
32,465,0
33,462,0
34,434,0
35,428,0
36,460,0
37,437,0
38,451,0
39,443,0
40,465,0
41,455,0
42,478,0
43,442,0
44,445,0
45,435,0
46,429,0
47,456,0
48,457,0
49,429,0
50,458,0
51,470,0
52,453,0
53,437,0
54,466,0
55,480,0
56,425,0
57,448,0
58,468,0
59,456,0
60,438,0
61,452,0
62,435,0
63,457,0
64,467,0
65,460,0
66,428,0
67,462,0
68,460,0
69,457,0
70,494,0
71,442,0
72,451,0
73,440,0
74,459,0
75,440,0
76,448,0
77,436,0
78,453,0
79,445,0
80,454,0
81,465,0
82,448,0
83,455,0
84,465,0
85,443,0
86,451,0
87,487,0
88,461,0
89,456,0
90,438,0
91,481,0
92,471,0
93,462,0
94,459,0
95,454,0
96,439,0
97,435,0
98,457,0
99,449,0
100,446,0
101,447,0
102,468,0
103,459,0
104,456,0
105,443,0
106,440,0
107,450,0
108,459,0
109,463,0
110,467,0
111,456,0
112,419,0
113,459,0
114,457,0
0,377,0
1,399,0
2,420,0
3,377,0
4,403,0
5,384,0
6,393,0
7,391,0
8,394,0
9,389,0
10,389,0
11,381,0
12,385,0
13,387,0
14,388,0
15,472,0
16,453,0
17,443,0
18,449,0
19,465,0
20,434,0
21,506,0
22,437,0
23,450,0
24,454,0
25,444,0
26,472,0
27,470,0
28,448,0
29,439,0
30,439,0
31,451,0
32,448,0
33,463,0
34,438,0
35,424,0
36,457,0
37,435,0
38,454,0
39,438,0
40,458,0
41,457,0
42,460,0
43,435,0
44,440,0
45,436,0
46,429,0
47,457,0
48,452,0
49,429,0
50,447,0
51,466,0
52,452,0
53,434,0
54,462,0
55,482,0
56,422,0
57,446,0
58,456,0
59,455,0
60,427,0
61,452,0
62,440,0
63,453,0
64,470,0
65,456,0
66,427,0
67,461,0
68,457,0
69,458,0
70,494,0
71,444,0
72,454,0
73,433,0
74,450,0
75,436,0
76,445,0
77,426,0
78,450,0
79,442,0
80,456,0
81,458,0
82,451,0
83,460,0
84,470,0
85,444,0
86,450,0
87,487,0
88,453,0
89,460,0
90,437,0
91,485,0
92,474,0
93,461,0
94,458,0
95,449,0
96,441,0
97,439,0
98,451,0
99,456,0
100,444,0
101,447,0
102,469,0
103,458,0
104,455,0
105,440,0
106,442,0
107,449,0
108,458,0
109,465,0
110,461,0
111,459,0
112,419,0
113,456,0
114,448,0
0,377,0
1,395,0
2,420,0
3,374,0
4,395,0
5,420,0
6,394,0
7,395,0
8,397,0
9,386,0
10,387,0
11,382,0
12,389,0
13,388,0
14,384,0
15,479,0
16,463,0
17,440,0
18,451,0
19,467,0
20,432,0
21,465,0
22,432,0
23,450,0
24,456,0
25,451,0
26,481,0
27,471,0
28,454,0
29,439,0
30,441,0
31,450,0
32,452,0
33,458,0
34,438,0
35,426,0
36,459,0
37,440,0
38,469,0
39,445,0
40,446,0
41,456,0
42,458,0
43,444,0
44,443,0
45,441,0
46,432,0
47,453,0
48,459,0
49,430,0
50,449,0
51,470,0
52,452,0
53,435,0
54,458,0
55,476,0
56,422,0
57,446,0
58,455,0
59,459,0
60,433,0
61,451,0
62,440,0
63,451,0
64,463,0
65,456,0
66,429,0
67,468,0
68,457,0
69,451,0
70,482,0
71,443,0
72,447,0
73,434,0
74,449,0
75,435,0
76,446,0
77,424,0
78,452,0
79,442,0
80,456,0
81,456,0
82,447,0
83,452,0
84,467,0
85,442,0
86,451,0
87,487,0
88,453,0
89,458,0
90,439,0
91,482,0
92,459,0
93,462,0
94,459,0
95,443,0
96,441,0
97,437,0
98,486,0
99,455,0
100,438,0
101,454,0
102,473,0
103,457,0
104,459,0
105,445,0
106,439,0
107,453,0
108,464,0
109,465,0
110,460,0
111,458,0
112,422,0
113,456,0
114,447,0
0,377,0
1,401,0
2,421,0
3,378,0
4,401,0
5,406,0
6,393,0
7,402,0
8,401,0
9,387,0
10,388,0
11,381,0
12,389,0
13,383,0
14,392,0
15,467,0
16,453,0
17,450,0
18,444,0
19,459,0
20,438,0
21,463,0
22,429,0
23,449,0
24,455,0
25,438,0
26,470,0
27,463,0
28,449,0
29,431,0
30,441,0
31,447,0
32,453,0
33,453,0
34,434,0
35,429,0
36,457,0
37,436,0
38,464,0
39,442,0
40,442,0
41,459,0
42,463,0
43,437,0
44,442,0
45,441,0
46,429,0
47,452,0
48,450,0
49,431,0
50,449,0
51,466,0
52,453,0
53,437,0
54,465,0
55,476,0
56,426,0
57,447,0
58,459,0
59,457,0
60,433,0
61,453,0
62,438,0
63,462,0
64,463,0
65,455,0
66,425,0
67,463,0
68,456,0
69,449,0
70,488,0
71,443,0
72,451,0
73,432,0
74,452,0
75,440,0
76,445,0
77,425,0
78,452,0
79,438,0
80,482,0
81,455,0
82,450,0
83,453,0
84,470,0
85,441,0
86,450,0
87,489,0
88,453,0
89,462,0
90,431,0
91,480,0
92,462,0
93,460,0
94,460,0
95,444,0
96,442,0
97,430,0
98,453,0
99,454,0
100,440,0
101,456,0
102,471,0
103,460,0
104,458,0
105,446,0
106,442,0
107,453,0
108,462,0
109,468,0
110,460,0
111,459,0
112,422,0
113,455,0
114,446,0
0,380,0
1,404,0
2,422,0
3,376,0
4,401,0
5,396,0
6,396,0
7,395,0
8,394,0
9,390,0
10,387,0
11,382,0
12,390,0
13,381,0
14,388,0
15,473,0
16,451,0
17,436,0
18,449,0
19,466,0
20,437,0
21,465,0
22,426,0
23,451,0
24,449,0
25,442,0
26,472,0
27,468,0
28,451,0
29,439,0
30,436,0
31,451,0
32,443,0
33,445,0
34,437,0
35,425,0
36,457,0
37,441,0
38,457,0
39,443,0
40,442,0
41,458,0
42,457,0
43,435,0
44,441,0
45,434,0
46,432,0
47,453,0
48,456,0
49,434,0
50,451,0
51,480,0
52,451,0
53,436,0
54,462,0
55,480,0
56,424,0
57,446,0
58,454,0
59,457,0
60,431,0
61,463,0
62,440,0
63,462,0
64,470,0
65,456,0
66,430,0
67,465,0
68,456,0
69,445,0
70,482,0
71,442,0
72,449,0
73,435,0
74,450,0
75,438,0
76,442,0
77,427,0
78,462,0
79,442,0
80,455,0
81,455,0
82,447,0
83,456,0
84,471,0
85,440,0
86,450,0
87,486,0
88,453,0
89,453,0
90,440,0
91,488,0
92,461,0
93,465,0
94,459,0
95,445,0
96,439,0
97,433,0
98,457,0
99,455,0
100,434,0
101,448,0
102,469,0
103,454,0
104,461,0
105,450,0
106,441,0
107,457,0
108,459,0
109,462,0
110,460,0
111,457,0
112,423,0
113,452,0
114,446,0
0,378,0
1,400,0
2,417,0
3,372,0
4,397,0
5,396,0
6,394,0
7,391,0
8,392,0
9,387,0
10,390,0
11,381,0
12,388,0
13,384,0
14,388,0
15,475,0
16,451,0
17,438,0
18,446,0
19,462,0
20,434,0
21,465,0
22,435,0
23,449,0
24,455,0
25,446,0
26,468,0
27,469,0
28,448,0
29,436,0
30,439,0
31,448,0
32,444,0
33,449,0
34,436,0
35,426,0
36,458,0
37,438,0
38,460,0
39,450,0
40,445,0
41,453,0
42,455,0
43,469,0
44,446,0
45,442,0
46,426,0
47,456,0
48,458,0
49,429,0
50,450,0
51,470,0
52,446,0
53,434,0
54,472,0
55,478,0
56,429,0
57,448,0
58,452,0
59,457,0
60,430,0
61,443,0
62,434,0
63,454,0
64,465,0
65,453,0
66,430,0
67,461,0
68,455,0
69,443,0
70,474,0
71,439,0
72,446,0
73,432,0
74,451,0
75,439,0
76,446,0
77,422,0
78,452,0
79,443,0
80,460,0
81,451,0
82,453,0
83,458,0
84,471,0
85,440,0
86,457,0
87,485,0
88,453,0
89,451,0
90,440,0
91,487,0
92,461,0
93,458,0
94,460,0
95,449,0
96,445,0
97,438,0
98,454,0
99,456,0
100,439,0
101,449,0
102,471,0
103,455,0
104,459,0
105,445,0
106,440,0
107,447,0
108,462,0
109,465,0
110,461,0
111,458,0
112,422,0
113,457,0
114,452,0
0,377,0
1,398,0
2,417,0
3,376,0
4,399,0
5,392,0
6,396,0
7,388,0
8,396,0
9,397,0
10,383,0
11,379,0
12,385,0
13,378,0
14,382,0
15,469,0
16,450,0
17,435,0
18,448,0
19,458,0
20,434,0
21,466,0
22,428,0
23,450,0
24,451,0
25,442,0
26,497,0
27,467,0
28,448,0
29,437,0
30,442,0
31,451,0
32,449,0
33,454,0
34,440,0
35,428,0
36,457,0
37,438,0
38,455,0
39,440,0
40,442,0
41,456,0
42,457,0
43,442,0
44,438,0
45,443,0
46,432,0
47,451,0
48,450,0
49,431,0
50,447,0
51,465,0
52,451,0
53,435,0
54,462,0
55,477,0
56,425,0
57,443,0
58,455,0
59,470,0
60,427,0
61,449,0
62,437,0
63,455,0
64,467,0
65,450,0
66,430,0
67,468,0
68,460,0
69,447,0
70,472,0
71,441,0
72,447,0
73,435,0
74,451,0
75,440,0
76,449,0
77,429,0
78,455,0
79,443,0
80,451,0
81,462,0
82,449,0
83,452,0
84,467,0
85,436,0
86,450,0
87,485,0
88,453,0
89,450,0
90,439,0
91,486,0
92,460,0
93,457,0
94,458,0
95,444,0
96,442,0
97,432,0
98,453,0
99,450,0
100,438,0
101,449,0
102,470,0
103,454,0
104,462,0
105,444,0
106,440,0
107,447,0
108,465,0
109,465,0
110,463,0
111,461,0
112,430,0
113,454,0
114,447,0
0,376,0
1,402,0
2,421,0
3,377,0
4,398,0
5,389,0
6,428,0
7,400,0
8,394,0
9,390,0
10,385,0
11,380,0
12,384,0
13,382,0
14,385,0
15,475,0
16,457,0
17,437,0
18,453,0
19,458,0
20,434,0
21,467,0
22,431,0
23,451,0
24,453,0
25,443,0
26,467,0
27,466,0
28,449,0
29,435,0
30,439,0
31,455,0
32,443,0
33,449,0
34,438,0
35,426,0
36,458,0
37,434,0
38,456,0
39,437,0
40,442,0
41,453,0
42,460,0
43,435,0
44,447,0
45,442,0
46,429,0
47,454,0
48,452,0
49,434,0
50,445,0
51,467,0
52,452,0
53,439,0
54,461,0
55,476,0
56,423,0
57,447,0
58,459,0
59,457,0
60,430,0
61,451,0
62,436,0
63,455,0
64,469,0
65,460,0
66,433,0
67,464,0
68,458,0
69,437,0
70,473,0
71,443,0
72,450,0
73,433,0
74,465,0
75,440,0
76,447,0
77,427,0
78,456,0
79,440,0
80,452,0
81,460,0
82,450,0
83,454,0
84,468,0
85,442,0
86,451,0
87,490,0
88,456,0
89,451,0
90,440,0
91,487,0
92,460,0
93,462,0
94,455,0
95,443,0
96,444,0
97,432,0
98,453,0
99,451,0
100,438,0
101,447,0
102,469,0
103,489,0
104,454,0
105,445,0
106,440,0
107,449,0
108,459,0
109,461,0
110,453,0
111,452,0
112,425,0
113,456,0
114,451,0
0,375,0
1,402,0
2,419,0
3,380,0
4,397,0
5,387,0
6,379,0
7,393,0
8,390,0
9,392,0
10,384,0
11,378,0
12,387,0
13,385,0
14,386,0
15,474,0
16,451,0
17,438,0
18,448,0
19,462,0
20,439,0
21,467,0
22,431,0
23,450,0
24,456,0
25,438,0
26,461,0
27,468,0
28,448,0
29,440,0
30,445,0
31,447,0
32,443,0
33,454,0
34,438,0
35,427,0
36,456,0
37,439,0
38,457,0
39,438,0
40,437,0
41,457,0
42,456,0
43,438,0
44,439,0
45,437,0
46,429,0
47,453,0
48,450,0
49,431,0
50,449,0
51,473,0
52,450,0
53,433,0
54,461,0
55,477,0
56,18514,0
57,612,0
58,460,0
59,463,0
60,432,0
61,451,0
62,435,0
63,455,0
64,467,0
65,455,0
66,428,0
67,464,0
68,458,0
69,433,0
70,474,0
71,438,0
72,450,0
73,438,0
74,452,0
75,439,0
76,451,0
77,422,0
78,457,0
79,440,0
80,453,0
81,456,0
82,448,0
83,457,0
84,472,0
85,440,0
86,450,0
87,483,0
88,456,0
89,456,0
90,435,0
91,474,0
92,459,0
93,463,0
94,462,0
95,443,0
96,452,0
97,434,0
98,453,0
99,456,0
100,439,0
101,447,0
102,469,0
103,460,0
104,459,0
105,445,0
106,442,0
107,449,0
108,460,0
109,462,0
110,494,0
111,457,0
112,420,0
113,455,0
114,455,0
0,380,0
1,407,0
2,424,0
3,377,0
4,400,0
5,388,0
6,384,0
7,397,0
8,396,0
9,390,0
10,389,0
11,384,0
12,387,0
13,383,0
14,386,0
15,475,0
16,466,0
17,439,0
18,452,0
19,466,0
20,434,0
21,465,0
22,436,0
23,452,0
24,458,0
25,442,0
26,464,0
27,464,0
28,449,0
29,435,0
30,440,0
31,447,0
32,447,0
33,451,0
34,435,0
35,428,0
36,457,0
37,433,0
38,456,0
39,442,0
40,440,0
41,458,0
42,452,0
43,439,0
44,444,0
45,442,0
46,431,0
47,453,0
48,452,0
49,433,0
50,444,0
51,472,0
52,453,0
53,435,0
54,463,0
55,474,0
56,420,0
57,445,0
58,455,0
59,460,0
60,434,0
61,452,0
62,437,0
63,457,0
64,467,0
65,457,0
66,426,0
67,467,0
68,459,0
69,441,0
70,469,0
71,443,0
72,448,0
73,434,0
74,449,0
75,445,0
76,447,0
77,423,0
78,449,0
79,443,0
80,455,0
81,456,0
82,453,0
83,458,0
84,469,0
85,446,0
86,452,0
87,482,0
88,454,0
89,453,0
90,439,0
91,474,0
92,493,0
93,460,0
94,461,0
95,444,0
96,440,0
97,433,0
98,456,0
99,456,0
100,435,0
101,450,0
102,465,0
103,456,0
104,459,0
105,444,0
106,440,0
107,450,0
108,461,0
109,464,0
110,460,0
111,454,0
112,423,0
113,451,0
114,449,0
0,376,0
1,399,0
2,415,0
3,377,0
4,396,0
5,387,0
6,383,0
7,393,0
8,393,0
9,397,0
10,387,0
11,379,0
12,388,0
13,382,0
14,381,0
15,471,0
16,456,0
17,441,0
18,451,0
19,461,0
20,436,0
21,466,0
22,432,0
23,453,0
24,454,0
25,444,0
26,466,0
27,462,0
28,451,0
29,438,0
30,441,0
31,447,0
32,444,0
33,457,0
34,434,0
35,429,0
36,455,0
37,433,0
38,461,0
39,442,0
40,445,0
41,453,0
42,462,0
43,444,0
44,445,0
45,438,0
46,434,0
47,452,0
48,455,0
49,437,0
50,449,0
51,468,0
52,453,0
53,437,0
54,464,0
55,476,0
56,430,0
57,446,0
58,454,0
59,455,0
60,430,0
61,447,0
62,435,0
63,451,0
64,466,0
65,453,0
66,427,0
67,460,0
68,456,0
69,439,0
70,473,0
71,446,0
72,444,0
73,433,0
74,447,0
75,436,0
76,448,0
77,428,0
78,452,0
79,476,0
80,455,0
81,458,0
82,448,0
83,457,0
84,466,0
85,440,0
86,456,0
87,487,0
88,456,0
89,449,0
90,442,0
91,478,0
92,462,0
93,465,0
94,465,0
95,446,0
96,444,0
97,438,0
98,453,0
99,456,0
100,440,0
101,449,0
102,472,0
103,457,0
104,460,0
105,451,0
106,446,0
107,448,0
108,462,0
109,461,0
110,455,0
111,459,0
112,421,0
113,456,0
114,452,0
0,379,0
1,400,0
2,420,0
3,378,0
4,396,0
5,389,0
6,385,0
7,394,0
8,393,0
9,394,0
10,390,0
11,381,0
12,388,0
13,375,0
14,389,0
15,474,0
16,455,0
17,436,0
18,445,0
19,461,0
20,432,0
21,463,0
22,432,0
23,452,0
24,454,0
25,445,0
26,465,0
27,464,0
28,450,0
29,437,0
30,437,0
31,448,0
32,446,0
33,453,0
34,436,0
35,432,0
36,458,0
37,442,0
38,458,0
39,441,0
40,442,0
41,453,0
42,458,0
43,438,0
44,445,0
45,444,0
46,429,0
47,456,0
48,455,0
49,435,0
50,447,0
51,472,0
52,454,0
53,444,0
54,461,0
55,479,0
56,429,0
57,451,0
58,457,0
59,460,0
60,433,0
61,449,0
62,440,0
63,457,0
64,471,0
65,456,0
66,430,0
67,463,0
68,487,0
69,439,0
70,471,0
71,443,0
72,442,0
73,441,0
74,448,0
75,438,0
76,449,0
77,428,0
78,450,0
79,443,0
80,452,0
81,454,0
82,448,0
83,456,0
84,471,0
85,444,0
86,451,0
87,482,0
88,456,0
89,455,0
90,443,0
91,471,0
92,460,0
93,465,0
94,458,0
95,445,0
96,439,0
97,433,0
98,455,0
99,455,0
100,437,0
101,448,0
102,471,0
103,459,0
104,458,0
105,445,0
106,442,0
107,451,0
108,462,0
109,465,0
110,461,0
111,457,0
112,424,0
113,459,0
114,453,0
0,379,0
1,399,0
2,423,0
3,378,0
4,400,0
5,387,0
6,382,0
7,396,0
8,396,0
9,398,0
10,389,0
11,379,0
12,387,0
13,383,0
14,387,0
15,476,0
16,451,0
17,437,0
18,449,0
19,459,0
20,435,0
21,470,0
22,432,0
23,448,0
24,457,0
25,442,0
26,463,0
27,461,0
28,451,0
29,436,0
30,440,0
31,446,0
32,439,0
33,451,0
34,436,0
35,427,0
36,457,0
37,436,0
38,452,0
39,440,0
40,438,0
41,450,0
42,457,0
43,441,0
44,443,0
45,440,0
46,428,0
47,451,0
48,454,0
49,432,0
50,445,0
51,472,0
52,450,0
53,436,0
54,467,0
55,472,0
56,423,0
57,482,0
58,462,0
59,459,0
60,434,0
61,452,0
62,438,0
63,459,0
64,473,0
65,460,0
66,434,0
67,463,0
68,455,0
69,440,0
70,472,0
71,443,0
72,450,0
73,437,0
74,451,0
75,437,0
76,447,0
77,425,0
78,458,0
79,443,0
80,454,0
81,456,0
82,454,0
83,452,0
84,465,0
85,436,0
86,448,0
87,486,0
88,455,0
89,448,0
90,437,0
91,476,0
92,458,0
93,458,0
94,462,0
95,447,0
96,440,0
97,438,0
98,452,0
99,456,0
100,436,0
101,447,0
102,471,0
103,454,0
104,454,0
105,445,0
106,441,0
107,451,0
108,460,0
109,464,0
110,457,0
111,461,0
112,419,0
113,459,0
114,447,0
0,378,0
1,398,0
2,421,0
3,374,0
4,399,0
5,388,0
6,380,0
7,393,0
8,393,0
9,391,0
10,389,0
11,375,0
12,391,0
13,383,0
14,390,0
15,475,0
16,452,0
17,438,0
18,451,0
19,453,0
20,434,0
21,464,0
22,429,0
23,456,0
24,455,0
25,441,0
26,467,0
27,464,0
28,448,0
29,437,0
30,438,0
31,447,0
32,439,0
33,451,0
34,437,0
35,423,0
36,455,0
37,439,0
38,458,0
39,443,0
40,442,0
41,453,0
42,457,0
43,438,0
44,443,0
45,438,0
46,428,0
47,454,0
48,457,0
49,460,0
50,452,0
51,468,0
52,452,0
53,437,0
54,458,0
55,473,0
56,426,0
57,450,0
58,454,0
59,457,0
60,428,0
61,441,0
62,437,0
63,471,0
64,462,0
65,458,0
66,443,0
67,465,0
68,454,0
69,440,0
70,468,0
71,438,0
72,452,0
73,438,0
74,450,0
75,438,0
76,450,0
77,429,0
78,454,0
79,440,0
80,453,0
81,452,0
82,450,0
83,457,0
84,470,0
85,444,0
86,454,0
87,488,0
88,456,0
89,455,0
90,440,0
91,473,0
92,460,0
93,460,0
94,457,0
95,447,0
96,440,0
97,436,0
98,453,0
99,457,0
100,434,0
101,446,0
102,474,0
103,459,0
104,455,0
105,442,0
106,439,0
107,454,0
108,461,0
109,462,0
110,462,0
111,459,0
112,421,0
113,450,0
114,454,0
0,383,0
1,451,0
2,440,0
3,404,0
4,426,0
5,399,0
6,395,0
7,407,0
8,408,0
9,401,0
10,396,0
11,386,0
12,397,0
13,394,0
14,399,0
15,489,0
16,465,0
17,452,0
18,461,0
19,470,0
20,457,0
21,485,0
22,448,0
23,469,0
24,463,0
25,454,0
26,480,0
27,475,0
28,464,0
29,451,0
30,458,0
31,465,0
32,457,0
33,469,0
34,449,0
35,441,0
36,477,0
37,454,0
38,481,0
39,459,0
40,460,0
41,470,0
42,474,0
43,457,0
44,458,0
45,460,0
46,443,0
47,470,0
48,470,0
49,451,0
50,467,0
51,486,0
52,465,0
53,489,0
54,474,0
55,494,0
56,439,0
57,465,0
58,466,0
59,474,0
60,447,0
61,447,0
62,451,0
63,472,0
64,483,0
65,478,0
66,442,0
67,476,0
68,473,0
69,451,0
70,483,0
71,457,0
72,459,0
73,448,0
74,463,0
75,453,0
76,460,0
77,436,0
78,466,0
79,452,0
80,472,0
81,470,0
82,461,0
83,470,0
84,488,0
85,457,0
86,467,0
87,500,0
88,463,0
89,462,0
90,460,0
91,483,0
92,477,0
93,481,0
94,463,0
95,459,0
96,456,0
97,457,0
98,467,0
99,469,0
100,455,0
101,470,0
102,483,0
103,475,0
104,473,0
105,459,0
106,459,0
107,468,0
108,486,0
109,480,0
110,477,0
111,475,0
112,440,0
113,470,0
114,472,0
0,390,0
1,413,0
2,435,0
3,395,0
4,415,0
5,402,0
6,394,0
7,408,0
8,408,0
9,415,0
10,401,0
11,399,0
12,400,0
13,398,0
14,398,0
15,488,0
16,469,0
17,451,0
18,464,0
19,468,0
20,446,0
21,480,0
22,440,0
23,463,0
24,468,0
25,459,0
26,480,0
27,474,0
28,463,0
29,455,0
30,454,0
31,466,0
32,453,0
33,468,0
34,449,0
35,441,0
36,474,0
37,448,0
38,468,0
39,462,0
40,455,0
41,472,0
42,475,0
43,454,0
44,460,0
45,456,0
46,440,0
47,471,0
48,499,0
49,438,0
50,462,0
51,487,0
52,466,0
53,450,0
54,480,0
55,489,0
56,436,0
57,462,0
58,475,0
59,474,0
60,449,0
61,452,0
62,449,0
63,472,0
64,483,0
65,476,0
66,442,0
67,484,0
68,478,0
69,454,0
70,488,0
71,463,0
72,468,0
73,449,0
74,465,0
75,451,0
76,466,0
77,442,0
78,470,0
79,457,0
80,468,0
81,472,0
82,467,0
83,466,0
84,485,0
85,455,0
86,463,0
87,496,0
88,471,0
89,458,0
90,455,0
91,488,0
92,478,0
93,474,0
94,459,0
95,460,0
96,455,0
97,453,0
98,469,0
99,467,0
100,453,0
101,463,0
102,489,0
103,468,0
104,475,0
105,463,0
106,449,0
107,465,0
108,482,0
109,478,0
110,490,0
111,470,0
112,435,0
113,469,0
114,465,0
0,390,0
1,415,0
2,432,0
3,392,0
4,412,0
5,402,0
6,407,0
7,406,0
8,407,0
9,402,0
10,404,0
11,398,0
12,399,0
13,405,0
14,401,0
15,494,0
16,472,0
17,455,0
18,463,0
19,463,0
20,447,0
21,478,0
22,452,0
23,467,0
24,470,0
25,457,0
26,482,0
27,474,0
28,469,0
29,449,0
30,452,0
31,459,0
32,457,0
33,467,0
34,450,0
35,449,0
36,477,0
37,451,0
38,511,0
39,457,0
40,456,0
41,474,0
42,470,0
43,458,0
44,458,0
45,453,0
46,445,0
47,470,0
48,474,0
49,447,0
50,462,0
51,481,0
52,463,0
53,450,0
54,478,0
55,490,0
56,440,0
57,460,0
58,471,0
59,470,0
60,452,0
61,449,0
62,452,0
63,469,0
64,478,0
65,473,0
66,443,0
67,479,0
68,479,0
69,454,0
70,485,0
71,455,0
72,464,0
73,453,0
74,469,0
75,461,0
76,468,0
77,442,0
78,472,0
79,459,0
80,471,0
81,479,0
82,464,0
83,475,0
84,486,0
85,455,0
86,464,0
87,503,0
88,471,0
89,466,0
90,453,0
91,482,0
92,481,0
93,472,0
94,460,0
95,463,0
96,455,0
97,450,0
98,468,0
99,465,0
100,451,0
101,467,0
102,486,0
103,468,0
104,474,0
105,459,0
106,453,0
107,461,0
108,478,0
109,478,0
110,472,0
111,472,0
112,434,0
113,466,0
114,466,0
0,394,0
1,415,0
2,439,0
3,389,0
4,413,0
5,400,0
6,397,0
7,409,0
8,405,0
9,403,0
10,403,0
11,392,0
12,400,0
13,393,0
14,401,0
15,493,0
16,472,0
17,453,0
18,464,0
19,472,0
20,449,0
21,481,0
22,451,0
23,467,0
24,467,0
25,459,0
26,484,0
27,479,0
28,463,0
29,449,0
30,491,0
31,464,0
32,460,0
33,470,0
34,449,0
35,438,0
36,477,0
37,454,0
38,474,0
39,456,0
40,459,0
41,473,0
42,475,0
43,459,0
44,457,0
45,457,0
46,449,0
47,470,0
48,470,0
49,446,0
50,463,0
51,486,0
52,472,0
53,451,0
54,476,0
55,486,0
56,436,0
57,463,0
58,468,0
59,472,0
60,449,0
61,453,0
62,451,0
63,470,0
64,481,0
65,472,0
66,441,0
67,477,0
68,471,0
69,451,0
70,482,0
71,455,0
72,464,0
73,444,0
74,469,0
75,453,0
76,462,0
77,441,0
78,469,0
79,461,0
80,472,0
81,472,0
82,464,0
83,472,0
84,489,0
85,454,0
86,471,0
87,504,0
88,470,0
89,466,0
90,455,0
91,493,0
92,475,0
93,479,0
94,465,0
95,461,0
96,456,0
97,453,0
98,469,0
99,467,0
100,449,0
101,467,0
102,487,0
103,471,0
104,471,0
105,463,0
106,459,0
107,464,0
108,480,0
109,483,0
110,474,0
111,472,0
112,435,0
113,464,0
114,461,0
0,392,0
1,412,0
2,436,0
3,391,0
4,414,0
5,401,0
6,396,0
7,406,0
8,405,0
9,401,0
10,399,0
11,394,0
12,400,0
13,393,0
14,399,0
15,491,0
16,470,0
17,449,0
18,466,0
19,467,0
20,448,0
21,481,0
22,475,0
23,465,0
24,466,0
25,460,0
26,481,0
27,478,0
28,469,0
29,449,0
30,454,0
31,466,0
32,455,0
33,469,0
34,451,0
35,444,0
36,472,0
37,453,0
38,477,0
39,456,0
40,460,0
41,473,0
42,472,0
43,458,0
44,460,0
45,454,0
46,442,0
47,472,0
48,473,0
49,446,0
50,465,0
51,483,0
52,461,0
53,458,0
54,480,0
55,493,0
56,439,0
57,460,0
58,474,0
59,473,0
60,444,0
61,455,0
62,450,0
63,470,0
64,481,0
65,476,0
66,445,0
67,482,0
68,474,0
69,456,0
70,484,0
71,454,0
72,467,0
73,447,0
74,465,0
75,453,0
76,467,0
77,437,0
78,467,0
79,456,0
80,468,0
81,467,0
82,468,0
83,468,0
84,486,0
85,453,0
86,463,0
87,503,0
88,469,0
89,461,0
90,451,0
91,487,0
92,478,0
93,479,0
94,462,0
95,455,0
96,454,0
97,448,0
98,467,0
99,471,0
100,451,0
101,461,0
102,489,0
103,468,0
104,478,0
105,461,0
106,460,0
107,465,0
108,475,0
109,482,0
110,473,0
111,478,0
112,441,0
113,472,0
114,469,0
0,387,0
1,415,0
2,441,0
3,392,0
4,414,0
5,401,0
6,396,0
7,409,0
8,407,0
9,401,0
10,404,0
11,395,0
12,434,0
13,397,0
14,401,0
15,495,0
16,468,0
17,453,0
18,464,0
19,466,0
20,448,0
21,487,0
22,444,0
23,470,0
24,468,0
25,449,0
26,483,0
27,483,0
28,465,0
29,449,0
30,456,0
31,463,0
32,451,0
33,465,0
34,453,0
35,442,0
36,478,0
37,448,0
38,471,0
39,455,0
40,460,0
41,474,0
42,471,0
43,451,0
44,459,0
45,455,0
46,446,0
47,473,0
48,475,0
49,450,0
50,464,0
51,480,0
52,468,0
53,450,0
54,483,0
55,493,0
56,442,0
57,461,0
58,470,0
59,473,0
60,444,0
61,452,0
62,454,0
63,472,0
64,486,0
65,474,0
66,446,0
67,477,0
68,472,0
69,451,0
70,484,0
71,457,0
72,466,0
73,448,0
74,465,0
75,458,0
76,468,0
77,439,0
78,471,0
79,456,0
80,468,0
81,468,0
82,467,0
83,475,0
84,488,0
85,454,0
86,462,0
87,500,0
88,472,0
89,461,0
90,453,0
91,492,0
92,468,0
93,476,0
94,468,0
95,456,0
96,451,0
97,450,0
98,474,0
99,472,0
100,453,0
101,461,0
102,492,0
103,472,0
104,470,0
105,466,0
106,450,0
107,465,0
108,481,0
109,482,0
110,477,0
111,470,0
112,433,0
113,470,0
114,461,0
0,388,0
1,434,0
2,438,0
3,389,0
4,409,0
5,399,0
6,394,0
7,413,0
8,407,0
9,401,0
10,397,0
11,394,0
12,400,0
13,400,0
14,398,0
15,493,0
16,475,0
17,453,0
18,465,0
19,470,0
20,448,0
21,481,0
22,446,0
23,469,0
24,474,0
25,458,0
26,479,0
27,479,0
28,465,0
29,448,0
30,464,0
31,462,0
32,454,0
33,464,0
34,449,0
35,441,0
36,476,0
37,450,0
38,478,0
39,457,0
40,454,0
41,470,0
42,471,0
43,455,0
44,454,0
45,455,0
46,443,0
47,467,0
48,470,0
49,446,0
50,466,0
51,481,0
52,463,0
53,451,0
54,475,0
55,488,0
56,438,0
57,465,0
58,475,0
59,473,0
60,446,0
61,454,0
62,450,0
63,473,0
64,483,0
65,472,0
66,441,0
67,483,0
68,476,0
69,453,0
70,492,0
71,458,0
72,469,0
73,450,0
74,462,0
75,455,0
76,465,0
77,437,0
78,468,0
79,457,0
80,470,0
81,474,0
82,464,0
83,471,0
84,486,0
85,456,0
86,466,0
87,507,0
88,473,0
89,464,0
90,453,0
91,488,0
92,475,0
93,478,0
94,460,0
95,460,0
96,457,0
97,453,0
98,474,0
99,466,0
100,454,0
101,463,0
102,490,0
103,473,0
104,470,0
105,487,0
106,453,0
107,465,0
108,478,0
109,480,0
110,476,0
111,473,0
112,433,0
113,466,0
114,469,0
0,391,0
1,399,0
2,436,0
3,390,0
4,414,0
5,409,0
6,398,0
7,405,0
8,408,0
9,406,0
10,400,0
11,394,0
12,396,0
13,392,0
14,396,0
15,492,0
16,468,0
17,448,0
18,465,0
19,468,0
20,451,0
21,483,0
22,443,0
23,465,0
24,474,0
25,456,0
26,483,0
27,480,0
28,462,0
29,455,0
30,455,0
31,475,0
32,462,0
33,465,0
34,454,0
35,446,0
36,473,0
37,454,0
38,475,0
39,455,0
40,459,0
41,468,0
42,472,0
43,453,0
44,458,0
45,454,0
46,444,0
47,469,0
48,469,0
49,444,0
50,467,0
51,483,0
52,465,0
53,449,0
54,474,0
55,491,0
56,437,0
57,465,0
58,472,0
59,476,0
60,446,0
61,454,0
62,454,0
63,469,0
64,483,0
65,469,0
66,444,0
67,481,0
68,469,0
69,452,0
70,484,0
71,458,0
72,462,0
73,447,0
74,464,0
75,457,0
76,464,0
77,438,0
78,472,0
79,457,0
80,467,0
81,469,0
82,462,0
83,469,0
84,478,0
85,458,0
86,466,0
87,502,0
88,470,0
89,468,0
90,453,0
91,493,0
92,480,0
93,476,0
94,465,0
95,460,0
96,458,0
97,486,0
98,470,0
99,457,0
100,455,0
101,470,0
102,492,0
103,477,0
104,474,0
105,466,0
106,455,0
107,463,0
108,479,0
109,482,0
110,470,0
111,479,0
112,437,0
113,466,0
114,462,0
0,393,0
1,401,0
2,436,0
3,388,0
4,410,0
5,409,0
6,395,0
7,408,0
8,409,0
9,402,0
10,399,0
11,392,0
12,397,0
13,393,0
14,403,0
15,492,0
16,473,0
17,455,0
18,461,0
19,466,0
20,454,0
21,480,0
22,446,0
23,466,0
24,464,0
25,456,0
26,481,0
27,480,0
28,466,0
29,450,0
30,454,0
31,461,0
32,459,0
33,467,0
34,453,0
35,440,0
36,473,0
37,455,0
38,471,0
39,455,0
40,457,0
41,473,0
42,474,0
43,459,0
44,459,0
45,457,0
46,450,0
47,472,0
48,466,0
49,449,0
50,464,0
51,486,0
52,467,0
53,447,0
54,479,0
55,498,0
56,445,0
57,468,0
58,471,0
59,474,0
60,449,0
61,456,0
62,449,0
63,475,0
64,482,0
65,465,0
66,440,0
67,480,0
68,475,0
69,447,0
70,489,0
71,461,0
72,466,0
73,448,0
74,466,0
75,452,0
76,462,0
77,444,0
78,475,0
79,459,0
80,471,0
81,467,0
82,463,0
83,470,0
84,484,0
85,487,0
86,469,0
87,500,0
88,475,0
89,463,0
90,455,0
91,488,0
92,465,0
93,476,0
94,457,0
95,460,0
96,458,0
97,449,0
98,470,0
99,462,0
100,454,0
101,464,0
102,487,0
103,473,0
104,474,0
105,458,0
106,458,0
107,466,0
108,476,0
109,480,0
110,480,0
111,479,0
112,437,0
113,471,0
114,462,0
0,388,0
1,399,0
2,438,0
3,391,0
4,413,0
5,398,0
6,396,0
7,409,0
8,407,0
9,403,0
10,399,0
11,392,0
12,403,0
13,399,0
14,398,0
15,494,0
16,469,0
17,450,0
18,466,0
19,467,0
20,448,0
21,479,0
22,447,0
23,469,0
24,473,0
25,456,0
26,475,0
27,478,0
28,464,0
29,451,0
30,454,0
31,464,0
32,456,0
33,466,0
34,451,0
35,436,0
36,476,0
37,451,0
38,472,0
39,456,0
40,451,0
41,472,0
42,475,0
43,454,0
44,462,0
45,452,0
46,443,0
47,469,0
48,468,0
49,446,0
50,457,0
51,485,0
52,470,0
53,452,0
54,482,0
55,487,0
56,435,0
57,463,0
58,469,0
59,475,0
60,448,0
61,455,0
62,452,0
63,470,0
64,485,0
65,474,0
66,448,0
67,480,0
68,474,0
69,449,0
70,483,0
71,460,0
72,464,0
73,452,0
74,471,0
75,456,0
76,466,0
77,443,0
78,469,0
79,461,0
80,496,0
81,470,0
82,465,0
83,471,0
84,488,0
85,457,0
86,467,0
87,504,0
88,469,0
89,463,0
90,458,0
91,488,0
92,466,0
93,474,0
94,465,0
95,464,0
96,453,0
97,445,0
98,472,0
99,458,0
100,460,0
101,465,0
102,484,0
103,471,0
104,472,0
105,463,0
106,453,0
107,463,0
108,478,0
109,482,0
110,475,0
111,471,0
112,435,0
113,469,0
114,462,0
0,390,0
1,397,0
2,435,0
3,391,0
4,409,0
5,400,0
6,399,0
7,407,0
8,409,0
9,412,0
10,400,0
11,391,0
12,400,0
13,393,0
14,402,0
15,491,0
16,470,0
17,452,0
18,466,0
19,465,0
20,449,0
21,485,0
22,449,0
23,464,0
24,470,0
25,455,0
26,482,0
27,480,0
28,464,0
29,451,0
30,450,0
31,463,0
32,453,0
33,463,0
34,453,0
35,442,0
36,473,0
37,455,0
38,474,0
39,462,0
40,458,0
41,472,0
42,475,0
43,455,0
44,457,0
45,456,0
46,446,0
47,468,0
48,465,0
49,445,0
50,459,0
51,483,0
52,472,0
53,450,0
54,477,0
55,491,0
56,441,0
57,460,0
58,475,0
59,474,0
60,442,0
61,449,0
62,447,0
63,471,0
64,484,0
65,472,0
66,440,0
67,481,0
68,476,0
69,452,0
70,487,0
71,460,0
72,492,0
73,456,0
74,464,0
75,456,0
76,460,0
77,441,0
78,473,0
79,459,0
80,472,0
81,472,0
82,468,0
83,475,0
84,486,0
85,460,0
86,471,0
87,502,0
88,473,0
89,466,0
90,453,0
91,488,0
92,465,0
93,479,0
94,460,0
95,459,0
96,455,0
97,451,0
98,467,0
99,477,0
100,451,0
101,464,0
102,484,0
103,469,0
104,470,0
105,465,0
106,459,0
107,463,0
108,475,0
109,482,0
110,475,0
111,474,0
112,434,0
113,465,0
114,468,0
0,394,0
1,405,0
2,440,0
3,391,0
4,411,0
5,396,0
6,394,0
7,404,0
8,407,0
9,413,0
10,399,0
11,395,0
12,400,0
13,397,0
14,398,0
15,490,0
16,471,0
17,448,0
18,465,0
19,467,0
20,445,0
21,479,0
22,447,0
23,464,0
24,472,0
25,460,0
26,483,0
27,476,0
28,467,0
29,455,0
30,454,0
31,465,0
32,455,0
33,475,0
34,450,0
35,445,0
36,472,0
37,454,0
38,471,0
39,455,0
40,455,0
41,474,0
42,470,0
43,462,0
44,458,0
45,455,0
46,442,0
47,469,0
48,464,0
49,443,0
50,460,0
51,487,0
52,467,0
53,452,0
54,474,0
55,489,0
56,439,0
57,465,0
58,470,0
59,468,0
60,447,0
61,453,0
62,481,0
63,467,0
64,486,0
65,474,0
66,440,0
67,474,0
68,471,0
69,449,0
70,484,0
71,460,0
72,462,0
73,447,0
74,457,0
75,455,0
76,463,0
77,441,0
78,468,0
79,456,0
80,466,0
81,472,0
82,460,0
83,472,0
84,483,0
85,457,0
86,468,0
87,504,0
88,471,0
89,463,0
90,452,0
91,494,0
92,463,0
93,474,0
94,465,0
95,461,0
96,457,0
97,452,0
98,466,0
99,461,0
100,455,0
101,467,0
102,487,0
103,474,0
104,476,0
105,461,0
106,458,0
107,463,0
108,479,0
109,480,0
110,472,0
111,474,0
112,435,0
113,472,0
114,472,0
0,392,0
1,403,0
2,433,0
3,392,0
4,417,0
5,398,0
6,395,0
7,405,0
8,410,0
9,400,0
10,400,0
11,391,0
12,398,0
13,396,0
14,398,0
15,489,0
16,470,0
17,450,0
18,467,0
19,466,0
20,452,0
21,480,0
22,446,0
23,464,0
24,472,0
25,459,0
26,478,0
27,473,0
28,465,0
29,450,0
30,450,0
31,462,0
32,454,0
33,468,0
34,452,0
35,443,0
36,470,0
37,454,0
38,475,0
39,457,0
40,456,0
41,473,0
42,474,0
43,455,0
44,458,0
45,456,0
46,445,0
47,469,0
48,470,0
49,475,0
50,469,0
51,485,0
52,14680,0
53,535,0
54,487,0
55,497,0
56,436,0
57,461,0
58,471,0
59,471,0
60,446,0
61,451,0
62,450,0
63,471,0
64,483,0
65,474,0
66,447,0
67,483,0
68,475,0
69,453,0
70,483,0
71,460,0
72,470,0
73,449,0
74,465,0
75,460,0
76,462,0
77,442,0
78,472,0
79,460,0
80,468,0
81,473,0
82,466,0
83,474,0
84,493,0
85,459,0
86,469,0
87,504,0
88,476,0
89,464,0
90,454,0
91,492,0
92,465,0
93,472,0
94,464,0
95,455,0
96,456,0
97,452,0
98,467,0
99,462,0
100,453,0
101,491,0
102,485,0
103,473,0
104,473,0
105,462,0
106,451,0
107,467,0
108,485,0
109,483,0
110,480,0
111,472,0
112,434,0
113,463,0
114,464,0
0,391,0
1,397,0
2,435,0
3,389,0
4,414,0
5,401,0
6,394,0
7,406,0
8,408,0
9,402,0
10,399,0
11,398,0
12,398,0
13,393,0
14,393,0
15,490,0
16,471,0
17,460,0
18,467,0
19,467,0
20,449,0
21,486,0
22,445,0
23,468,0
24,470,0
25,456,0
26,477,0
27,477,0
28,463,0
29,455,0
30,459,0
31,469,0
32,458,0
33,466,0
34,454,0
35,442,0
36,473,0
37,457,0
38,470,0
39,459,0
40,466,0
41,476,0
42,471,0
43,453,0
44,462,0
45,461,0
46,445,0
47,466,0
48,466,0
49,446,0
50,459,0
51,483,0
52,472,0
53,453,0
54,477,0
55,488,0
56,436,0
57,466,0
58,473,0
59,470,0
60,443,0
61,451,0
62,450,0
63,512,0
64,476,0
65,467,0
66,449,0
67,475,0
68,478,0
69,451,0
70,483,0
71,460,0
72,462,0
73,453,0
74,465,0
75,459,0
76,463,0
77,443,0
78,464,0
79,455,0
80,469,0
81,471,0
82,461,0
83,474,0
84,486,0
85,454,0
86,471,0
87,502,0
88,469,0
89,467,0
90,455,0
91,492,0
92,465,0
93,473,0
94,467,0
95,464,0
96,460,0
97,452,0
98,473,0
99,468,0
100,452,0
101,467,0
102,486,0
103,473,0
104,473,0
105,463,0
106,460,0
107,462,0
108,480,0
109,483,0
110,479,0
111,477,0
112,435,0
113,471,0
114,458,0
0,391,0
1,402,0
2,431,0
3,390,0
4,416,0
5,402,0
6,392,0
7,411,0
8,409,0
9,403,0
10,398,0
11,404,0
12,400,0
13,393,0
14,392,0
15,491,0
16,467,0
17,456,0
18,460,0
19,470,0
20,451,0
21,473,0
22,446,0
23,464,0
24,468,0
25,457,0
26,479,0
27,476,0
28,461,0
29,483,0
30,455,0
31,461,0
32,460,0
33,466,0
34,456,0
35,441,0
36,472,0
37,450,0
38,477,0
39,456,0
40,455,0
41,479,0
42,474,0
43,456,0
44,457,0
45,453,0
46,445,0
47,474,0
48,466,0
49,446,0
50,464,0
51,481,0
52,469,0
53,449,0
54,479,0
55,490,0
56,446,0
57,463,0
58,474,0
59,469,0
60,451,0
61,455,0
62,454,0
63,474,0
64,488,0
65,472,0
66,449,0
67,480,0
68,477,0
69,450,0
70,488,0
71,454,0
72,464,0
73,447,0
74,469,0
75,454,0
76,463,0
77,440,0
78,472,0
79,460,0
80,464,0
81,469,0
82,463,0
83,474,0
84,485,0
85,459,0
86,472,0
87,500,0
88,470,0
89,460,0
90,452,0
91,491,0
92,467,0
93,483,0
94,466,0
95,465,0
96,457,0
97,452,0
98,470,0
99,459,0
100,451,0
101,464,0
102,489,0
103,472,0
104,474,0
105,463,0
106,455,0
107,466,0
108,477,0
109,478,0
110,478,0
111,473,0
112,438,0
113,474,0
114,465,0
0,392,0
1,401,0
2,438,0
3,394,0
4,414,0
5,399,0
6,399,0
7,411,0
8,413,0
9,402,0
10,394,0
11,391,0
12,398,0
13,396,0
14,397,0
15,491,0
16,500,0
17,451,0
18,465,0
19,464,0
20,448,0
21,480,0
22,446,0
23,468,0
24,468,0
25,455,0
26,483,0
27,476,0
28,463,0
29,506,0
30,451,0
31,466,0
32,455,0
33,466,0
34,449,0
35,440,0
36,474,0
37,447,0
38,472,0
39,456,0
40,457,0
41,471,0
42,475,0
43,455,0
44,459,0
45,458,0
46,441,0
47,475,0
48,466,0
49,446,0
50,467,0
51,484,0
52,466,0
53,452,0
54,479,0
55,496,0
56,439,0
57,465,0
58,467,0
59,471,0
60,451,0
61,449,0
62,453,0
63,473,0
64,483,0
65,472,0
66,441,0
67,480,0
68,477,0
69,454,0
70,485,0
71,460,0
72,467,0
73,448,0
74,473,0
75,461,0
76,465,0
77,437,0
78,466,0
79,459,0
80,474,0
81,466,0
82,468,0
83,472,0
84,488,0
85,454,0
86,468,0
87,503,0
88,468,0
89,463,0
90,456,0
91,487,0
92,465,0
93,480,0
94,460,0
95,460,0
96,459,0
97,449,0
98,467,0
99,462,0
100,457,0
101,462,0
102,485,0
103,468,0
104,475,0
105,457,0
106,459,0
107,463,0
108,474,0
109,482,0
110,481,0
111,475,0
112,437,0
113,466,0
114,471,0
0,389,0
1,397,0
2,462,0
3,390,0
4,411,0
5,396,0
6,395,0
7,408,0
8,410,0
9,403,0
10,389,0
11,400,0
12,402,0
13,395,0
14,398,0
15,492,0
16,469,0
17,451,0
18,465,0
19,470,0
20,449,0
21,481,0
22,445,0
23,465,0
24,471,0
25,458,0
26,479,0
27,475,0
28,464,0
29,452,0
30,453,0
31,465,0
32,456,0
33,465,0
34,450,0
35,439,0
36,472,0
37,450,0
38,478,0
39,454,0
40,456,0
41,471,0
42,476,0
43,460,0
44,460,0
45,456,0
46,440,0
47,469,0
48,465,0
49,445,0
50,457,0
51,484,0
52,471,0
53,453,0
54,479,0
55,493,0
56,442,0
57,462,0
58,469,0
59,469,0
60,446,0
61,454,0
62,455,0
63,472,0
64,478,0
65,473,0
66,441,0
67,481,0
68,469,0
69,453,0
70,481,0
71,454,0
72,465,0
73,452,0
74,470,0
75,452,0
76,465,0
77,444,0
78,469,0
79,458,0
80,471,0
81,469,0
82,461,0
83,469,0
84,488,0
85,457,0
86,468,0
87,500,0
88,473,0
89,468,0
90,454,0
91,486,0
92,464,0
93,481,0
94,462,0
95,466,0
96,460,0
97,454,0
98,472,0
99,466,0
100,456,0
101,467,0
102,487,0
103,470,0
104,472,0
105,460,0
106,490,0
107,464,0
108,478,0
109,479,0
110,472,0
111,479,0
112,438,0
113,470,0
114,465,0
0,385,0
1,400,0
2,436,0
3,386,0
4,413,0
5,401,0
6,392,0
7,410,0
8,407,0
9,404,0
10,391,0
11,393,0
12,399,0
13,398,0
14,395,0
15,490,0
16,471,0
17,455,0
18,464,0
19,470,0
20,451,0
21,481,0
22,450,0
23,465,0
24,467,0
25,461,0
26,482,0
27,478,0
28,467,0
29,451,0
30,456,0
31,461,0
32,457,0
33,464,0
34,454,0
35,440,0
36,474,0
37,453,0
38,475,0
39,464,0
40,458,0
41,473,0
42,474,0
43,456,0
44,458,0
45,454,0
46,444,0
47,473,0
48,466,0
49,444,0
50,465,0
51,484,0
52,472,0
53,454,0
54,477,0
55,489,0
56,438,0
57,464,0
58,477,0
59,475,0
60,447,0
61,452,0
62,448,0
63,469,0
64,483,0
65,472,0
66,442,0
67,478,0
68,479,0
69,454,0
70,484,0
71,454,0
72,470,0
73,451,0
74,472,0
75,451,0
76,462,0
77,441,0
78,467,0
79,459,0
80,471,0
81,473,0
82,463,0
83,472,0
84,483,0
85,452,0
86,468,0
87,503,0
88,474,0
89,465,0
90,455,0
91,528,0
92,462,0
93,475,0
94,467,0
95,458,0
96,460,0
97,454,0
98,471,0
99,463,0
100,456,0
101,464,0
102,492,0
103,472,0
104,474,0
105,460,0
106,456,0
107,467,0
108,473,0
109,482,0
110,475,0
111,477,0
112,437,0
113,474,0
114,466,0
0,391,0
1,402,0
2,437,0
3,387,0
4,413,0
5,400,0
6,396,0
7,407,0
8,410,0
9,413,0
10,389,0
11,397,0
12,400,0
13,399,0
14,393,0
15,488,0
16,471,0
17,452,0
18,459,0
19,468,0
20,448,0
21,484,0
22,445,0
23,465,0
24,472,0
25,457,0
26,479,0
27,475,0
28,462,0
29,453,0
30,452,0
31,469,0
32,455,0
33,467,0
34,453,0
35,444,0
36,471,0
37,454,0
38,476,0
39,456,0
40,456,0
41,465,0
42,469,0
43,453,0
44,459,0
45,454,0
46,448,0
47,471,0
48,464,0
49,447,0
50,466,0
51,486,0
52,465,0
53,453,0
54,478,0
55,492,0
56,438,0
57,463,0
58,476,0
59,479,0
60,443,0
61,454,0
62,453,0
63,470,0
64,486,0
65,471,0
66,445,0
67,481,0
68,473,0
69,455,0
70,488,0
71,459,0
72,466,0
73,450,0
74,466,0
75,457,0
76,463,0
77,438,0
78,503,0
79,456,0
80,473,0
81,474,0
82,466,0
83,473,0
84,487,0
85,457,0
86,468,0
87,501,0
88,469,0
89,462,0
90,460,0
91,489,0
92,467,0
93,478,0
94,466,0
95,462,0
96,456,0
97,450,0
98,471,0
99,464,0
100,451,0
101,463,0
102,487,0
103,474,0
104,474,0
105,460,0
106,456,0
107,469,0
108,477,0
109,478,0
110,477,0
111,475,0
112,438,0
113,469,0
114,467,0
0,397,0
1,406,0
2,438,0
3,388,0
4,414,0
5,402,0
6,395,0
7,408,0
8,412,0
9,414,0
10,391,0
11,392,0
12,401,0
13,396,0
14,397,0
15,488,0
16,466,0
17,455,0
18,464,0
19,464,0
20,448,0
21,481,0
22,449,0
23,472,0
24,472,0
25,456,0
26,482,0
27,474,0
28,467,0
29,453,0
30,454,0
31,464,0
32,453,0
33,466,0
34,449,0
35,445,0
36,472,0
37,455,0
38,468,0
39,457,0
40,456,0
41,473,0
42,472,0
43,457,0
44,455,0
45,453,0
46,440,0
47,469,0
48,467,0
49,447,0
50,469,0
51,483,0
52,467,0
53,454,0
54,477,0
55,490,0
56,441,0
57,458,0
58,470,0
59,472,0
60,445,0
61,452,0
62,455,0
63,470,0
64,484,0
65,476,0
66,439,0
67,512,0
68,476,0
69,456,0
70,491,0
71,454,0
72,469,0
73,449,0
74,467,0
75,457,0
76,466,0
77,443,0
78,467,0
79,463,0
80,468,0
81,471,0
82,462,0
83,471,0
84,487,0
85,457,0
86,464,0
87,502,0
88,488,0
89,468,0
90,453,0
91,489,0
92,462,0
93,476,0
94,466,0
95,463,0
96,453,0
97,449,0
98,467,0
99,464,0
100,446,0
101,466,0
102,484,0
103,468,0
104,474,0
105,458,0
106,452,0
107,463,0
108,471,0
109,486,0
110,472,0
111,474,0
112,438,0
113,466,0
114,465,0
0,392,0
1,402,0
2,435,0
3,389,0
4,415,0
5,398,0
6,395,0
7,411,0
8,409,0
9,411,0
10,392,0
11,395,0
12,400,0
13,397,0
14,395,0
15,494,0
16,470,0
17,457,0
18,462,0
19,469,0
20,449,0
21,485,0
22,443,0
23,465,0
24,472,0
25,463,0
26,483,0
27,478,0
28,461,0
29,453,0
30,454,0
31,467,0
32,453,0
33,471,0
34,450,0
35,437,0
36,473,0
37,455,0
38,471,0
39,457,0
40,461,0
41,476,0
42,474,0
43,456,0
44,459,0
45,453,0
46,444,0
47,470,0
48,465,0
49,448,0
50,465,0
51,485,0
52,468,0
53,452,0
54,477,0
55,486,0
56,443,0
57,498,0
58,472,0
59,473,0
60,449,0
61,452,0
62,455,0
63,469,0
64,485,0
65,471,0
66,443,0
67,479,0
68,477,0
69,452,0
70,484,0
71,463,0
72,471,0
73,447,0
74,464,0
75,454,0
76,462,0
77,442,0
78,466,0
79,460,0
80,471,0
81,478,0
82,468,0
83,473,0
84,488,0
85,458,0
86,469,0
87,504,0
88,468,0
89,471,0
90,462,0
91,492,0
92,466,0
93,476,0
94,469,0
95,456,0
96,458,0
97,451,0
98,466,0
99,464,0
100,452,0
101,463,0
102,492,0
103,478,0
104,473,0
105,460,0
106,456,0
107,471,0
108,475,0
109,481,0
110,471,0
111,472,0
112,437,0
113,468,0
114,470,0
0,389,0
1,399,0
2,434,0
3,390,0
4,412,0
5,400,0
6,392,0
7,410,0
8,406,0
9,401,0
10,389,0
11,394,0
12,398,0
13,397,0
14,396,0
15,491,0
16,473,0
17,454,0
18,462,0
19,466,0
20,446,0
21,485,0
22,444,0
23,467,0
24,467,0
25,456,0
26,482,0
27,480,0
28,462,0
29,447,0
30,453,0
31,466,0
32,453,0
33,465,0
34,446,0
35,443,0
36,474,0
37,454,0
38,477,0
39,459,0
40,459,0
41,472,0
42,470,0
43,487,0
44,459,0
45,455,0
46,451,0
47,473,0
48,464,0
49,444,0
50,467,0
51,484,0
52,467,0
53,459,0
54,476,0
55,493,0
56,443,0
57,462,0
58,477,0
59,476,0
60,446,0
61,454,0
62,450,0
63,472,0
64,480,0
65,469,0
66,443,0
67,480,0
68,475,0
69,445,0
70,482,0
71,452,0
72,466,0
73,451,0
74,466,0
75,451,0
76,465,0
77,439,0
78,464,0
79,458,0
80,466,0
81,471,0
82,463,0
83,471,0
84,484,0
85,455,0
86,472,0
87,507,0
88,474,0
89,465,0
90,453,0
91,487,0
92,466,0
93,483,0
94,464,0
95,459,0
96,457,0
97,457,0
98,476,0
99,463,0
100,452,0
101,465,0
102,485,0
103,472,0
104,475,0
105,457,0
106,459,0
107,468,0
108,484,0
109,478,0
110,479,0
111,480,0
112,435,0
113,464,0
114,466,0
0,396,0
1,402,0
2,436,0
3,393,0
4,413,0
5,401,0
6,395,0
7,410,0
8,408,0
9,401,0
10,389,0
11,394,0
12,399,0
13,397,0
14,397,0
15,489,0
16,471,0
17,454,0
18,462,0
19,466,0
20,450,0
21,484,0
22,444,0
23,468,0
24,469,0
25,457,0
26,479,0
27,477,0
28,463,0
29,450,0
30,455,0
31,500,0
32,455,0
33,467,0
34,453,0
35,444,0
36,477,0
37,454,0
38,474,0
39,459,0
40,459,0
41,470,0
42,470,0
43,461,0
44,459,0
45,452,0
46,444,0
47,473,0
48,468,0
49,446,0
50,464,0
51,488,0
52,472,0
53,457,0
54,479,0
55,492,0
56,444,0
57,467,0
58,470,0
59,474,0
60,446,0
61,460,0
62,454,0
63,471,0
64,485,0
65,473,0
66,445,0
67,478,0
68,476,0
69,456,0
70,482,0
71,463,0
72,468,0
73,452,0
74,465,0
75,458,0
76,463,0
77,442,0
78,470,0
79,455,0
80,469,0
81,471,0
82,464,0
83,474,0
84,489,0
85,451,0
86,462,0
87,504,0
88,468,0
89,465,0
90,456,0
91,496,0
92,458,0
93,475,0
94,462,0
95,463,0
96,455,0
97,450,0
98,469,0
99,460,0
100,453,0
101,466,0
102,486,0
103,476,0
104,477,0
105,458,0
106,456,0
107,467,0
108,481,0
109,482,0
110,478,0
111,475,0
112,433,0
113,468,0
114,468,0
0,398,0
1,401,0
2,436,0
3,392,0
4,414,0
5,399,0
6,398,0
7,407,0
8,410,0
9,409,0
10,390,0
11,395,0
12,402,0
13,401,0
14,398,0
15,492,0
16,471,0
17,453,0
18,467,0
19,469,0
20,446,0
21,484,0
22,474,0
23,465,0
24,475,0
25,457,0
26,486,0
27,466,0
28,460,0
29,455,0
30,455,0
31,463,0
32,461,0
33,466,0
34,452,0
35,447,0
36,476,0
37,452,0
38,470,0
39,458,0
40,459,0
41,472,0
42,474,0
43,450,0
44,457,0
45,455,0
46,446,0
47,470,0
48,469,0
49,445,0
50,466,0
51,482,0
52,465,0
53,455,0
54,475,0
55,490,0
56,438,0
57,461,0
58,472,0
59,473,0
60,451,0
61,455,0
62,456,0
63,473,0
64,482,0
65,470,0
66,444,0
67,481,0
68,472,0
69,457,0
70,486,0
71,460,0
72,464,0
73,446,0
74,467,0
75,451,0
76,467,0
77,440,0
78,466,0
79,461,0
80,466,0
81,476,0
82,464,0
83,473,0
84,493,0
85,453,0
86,470,0
87,504,0
88,470,0
89,464,0
90,460,0
91,491,0
92,464,0
93,480,0
94,462,0
95,462,0
96,454,0
97,447,0
98,473,0
99,462,0
100,450,0
101,464,0
102,488,0
103,472,0
104,472,0
105,460,0
106,455,0
107,465,0
108,476,0
109,483,0
110,476,0
111,481,0
112,435,0
113,465,0
114,466,0
0,391,0
1,399,0
2,437,0
3,389,0
4,412,0
5,401,0
6,395,0
7,409,0
8,445,0
9,408,0
10,390,0
11,397,0
12,399,0
13,391,0
14,395,0
15,489,0
16,478,0
17,453,0
18,460,0
19,468,0
20,449,0
21,487,0
22,446,0
23,463,0
24,470,0
25,462,0
26,474,0
27,463,0
28,464,0
29,451,0
30,460,0
31,466,0
32,459,0
33,471,0
34,456,0
35,453,0
36,474,0
37,454,0
38,477,0
39,458,0
40,459,0
41,473,0
42,472,0
43,453,0
44,458,0
45,453,0
46,450,0
47,469,0
48,468,0
49,447,0
50,469,0
51,486,0
52,467,0
53,452,0
54,473,0
55,493,0
56,440,0
57,461,0
58,466,0
59,471,0
60,447,0
61,453,0
62,454,0
63,474,0
64,485,0
65,465,0
66,444,0
67,475,0
68,473,0
69,453,0
70,488,0
71,458,0
72,465,0
73,448,0
74,468,0
75,456,0
76,462,0
77,439,0
78,471,0
79,456,0
80,466,0
81,472,0
82,462,0
83,471,0
84,484,0
85,456,0
86,466,0
87,499,0
88,472,0
89,464,0
90,460,0
91,490,0
92,462,0
93,478,0
94,464,0
95,466,0
96,459,0
97,449,0
98,468,0
99,459,0
100,456,0
101,466,0
102,490,0
103,474,0
104,480,0
105,456,0
106,454,0
107,470,0
108,476,0
109,484,0
110,473,0
111,471,0
112,436,0
113,475,0
114,501,0
0,389,0
1,403,0
2,436,0
3,391,0
4,415,0
5,406,0
6,396,0
7,408,0
8,408,0
9,406,0
10,388,0
11,395,0
12,397,0
13,394,0
14,391,0
15,486,0
16,467,0
17,456,0
18,463,0
19,469,0
20,444,0
21,482,0
22,445,0
23,467,0
24,470,0
25,456,0
26,478,0
27,464,0
28,466,0
29,454,0
30,455,0
31,462,0
32,456,0
33,463,0
34,452,0
35,452,0
36,471,0
37,450,0
38,476,0
39,459,0
40,459,0
41,474,0
42,473,0
43,454,0
44,457,0
45,459,0
46,442,0
47,469,0
48,464,0
49,445,0
50,464,0
51,483,0
52,468,0
53,458,0
54,480,0
55,498,0
56,437,0
57,461,0
58,483,0
59,468,0
60,446,0
61,457,0
62,455,0
63,472,0
64,484,0
65,468,0
66,440,0
67,482,0
68,472,0
69,456,0
70,489,0
71,460,0
72,462,0
73,445,0
74,466,0
75,452,0
76,464,0
77,436,0
78,469,0
79,454,0
80,469,0
81,473,0
82,465,0
83,473,0
84,484,0
85,455,0
86,464,0
87,498,0
88,472,0
89,465,0
90,453,0
91,487,0
92,462,0
93,476,0
94,464,0
95,462,0
96,457,0
97,454,0
98,470,0
99,466,0
100,480,0
101,460,0
102,489,0
103,476,0
104,476,0
105,460,0
106,459,0
107,467,0
108,477,0
109,478,0
110,476,0
111,477,0
112,439,0
113,467,0
114,462,0
0,395,0
1,406,0
2,434,0
3,389,0
4,413,0
5,408,0
6,394,0
7,411,0
8,407,0
9,404,0
10,392,0
11,394,0
12,401,0
13,399,0
14,395,0
15,494,0
16,471,0
17,456,0
18,463,0
19,464,0
20,446,0
21,480,0
22,447,0
23,465,0
24,468,0
25,461,0
26,476,0
27,463,0
28,463,0
29,453,0
30,453,0
31,462,0
32,458,0
33,467,0
34,448,0
35,449,0
36,474,0
37,454,0
38,476,0
39,458,0
40,458,0
41,473,0
42,471,0
43,459,0
44,458,0
45,457,0
46,440,0
47,470,0
48,464,0
49,444,0
50,466,0
51,488,0
52,466,0
53,454,0
54,479,0
55,495,0
56,445,0
57,463,0
58,475,0
59,470,0
60,442,0
61,455,0
62,456,0
63,469,0
64,485,0
65,472,0
66,443,0
67,476,0
68,473,0
69,452,0
70,488,0
71,459,0
72,468,0
73,449,0
74,467,0
75,457,0
76,459,0
77,436,0
78,468,0
79,461,0
80,470,0
81,475,0
82,466,0
83,470,0
84,485,0
85,456,0
86,464,0
87,526,0
88,467,0
89,462,0
90,454,0
91,490,0
92,463,0
93,475,0
94,458,0
95,459,0
96,459,0
97,453,0
98,468,0
99,461,0
100,451,0
101,475,0
102,489,0
103,472,0
104,474,0
105,460,0
106,459,0
107,465,0
108,475,0
109,482,0
110,477,0
111,471,0
112,436,0
113,470,0
114,463,0
0,389,0
1,403,0
2,440,0
3,390,0
4,414,0
5,400,0
6,397,0
7,410,0
8,415,0
9,402,0
10,392,0
11,398,0
12,401,0
13,399,0
14,396,0
15,492,0
16,470,0
17,453,0
18,465,0
19,470,0
20,453,0
21,484,0
22,446,0
23,470,0
24,472,0
25,458,0
26,473,0
27,465,0
28,463,0
29,453,0
30,451,0
31,465,0
32,457,0
33,467,0
34,450,0
35,457,0
36,470,0
37,451,0
38,467,0
39,456,0
40,459,0
41,473,0
42,471,0
43,455,0
44,460,0
45,456,0
46,448,0
47,468,0
48,463,0
49,447,0
50,460,0
51,482,0
52,461,0
53,452,0
54,479,0
55,494,0
56,437,0
57,462,0
58,475,0
59,467,0
60,444,0
61,452,0
62,452,0
63,473,0
64,479,0
65,467,0
66,445,0
67,481,0
68,474,0
69,448,0
70,483,0
71,454,0
72,466,0
73,452,0
74,466,0
75,489,0
76,462,0
77,442,0
78,473,0
79,455,0
80,471,0
81,469,0
82,463,0
83,478,0
84,489,0
85,453,0
86,470,0
87,501,0
88,468,0
89,464,0
90,453,0
91,488,0
92,465,0
93,477,0
94,457,0
95,462,0
96,458,0
97,453,0
98,473,0
99,472,0
100,453,0
101,466,0
102,488,0
103,468,0
104,474,0
105,463,0
106,466,0
107,467,0
108,477,0
109,473,0
110,471,0
111,474,0
112,441,0
113,466,0
114,460,0
0,391,0
1,397,0
2,436,0
3,392,0
4,417,0
5,400,0
6,395,0
7,409,0
8,411,0
9,400,0
10,391,0
11,396,0
12,399,0
13,395,0
14,397,0
15,489,0
16,474,0
17,454,0
18,462,0
19,470,0
20,452,0
21,482,0
22,447,0
23,474,0
24,475,0
25,457,0
26,476,0
27,467,0
28,469,0
29,453,0
30,458,0
31,464,0
32,459,0
33,468,0
34,453,0
35,452,0
36,466,0
37,451,0
38,471,0
39,464,0
40,459,0
41,479,0
42,472,0
43,459,0
44,458,0
45,452,0
46,444,0
47,471,0
48,460,0
49,444,0
50,463,0
51,484,0
52,469,0
53,456,0
54,477,0
55,494,0
56,441,0
57,460,0
58,476,0
59,473,0
60,444,0
61,449,0
62,449,0
63,471,0
64,511,0
65,472,0
66,442,0
67,482,0
68,469,0
69,454,0
70,484,0
71,453,0
72,463,0
73,456,0
74,468,0
75,451,0
76,467,0
77,455,0
78,470,0
79,454,0
80,467,0
81,468,0
82,469,0
83,473,0
84,486,0
85,455,0
86,466,0
87,504,0
88,473,0
89,468,0
90,454,0
91,488,0
92,467,0
93,473,0
94,464,0
95,464,0
96,456,0
97,451,0
98,478,0
99,462,0
100,455,0
101,464,0
102,486,0
103,469,0
104,477,0
105,464,0
106,459,0
107,462,0
108,476,0
109,503,0
110,473,0
111,462,0
112,434,0
113,469,0
114,464,0
0,391,0
1,402,0
2,436,0
3,393,0
4,411,0
5,407,0
6,392,0
7,411,0
8,408,0
9,404,0
10,388,0
11,395,0
12,402,0
13,394,0
14,396,0
15,488,0
16,469,0
17,450,0
18,461,0
19,470,0
20,448,0
21,480,0
22,452,0
23,465,0
24,471,0
25,452,0
26,470,0
27,462,0
28,465,0
29,452,0
30,454,0
31,465,0
32,459,0
33,463,0
34,450,0
35,455,0
36,472,0
37,452,0
38,473,0
39,457,0
40,462,0
41,473,0
42,473,0
43,456,0
44,464,0
45,459,0
46,447,0
47,476,0
48,462,0
49,444,0
50,496,0
51,487,0
52,470,0
53,452,0
54,479,0
55,496,0
56,439,0
57,466,0
58,474,0
59,477,0
60,448,0
61,454,0
62,457,0
63,468,0
64,482,0
65,464,0
66,439,0
67,480,0
68,471,0
69,454,0
70,488,0
71,461,0
72,463,0
73,450,0
74,466,0
75,455,0
76,458,0
77,437,0
78,466,0
79,458,0
80,466,0
81,472,0
82,468,0
83,475,0
84,488,0
85,457,0
86,467,0
87,502,0
88,475,0
89,463,0
90,453,0
91,491,0
92,465,0
93,477,0
94,466,0
95,465,0
96,457,0
97,453,0
98,470,0
99,464,0
100,453,0
101,464,0
102,495,0
103,470,0
104,473,0
105,459,0
106,458,0
107,468,0
108,477,0
109,490,0
110,479,0
111,466,0
112,439,0
113,473,0
114,473,0
0,393,0
1,402,0
2,438,0
3,387,0
4,414,0
5,401,0
6,395,0
7,411,0
8,407,0
9,405,0
10,396,0
11,392,0
12,403,0
13,397,0
14,394,0
15,486,0
16,471,0
17,453,0
18,465,0
19,471,0
20,449,0
21,480,0
22,446,0
23,465,0
24,469,0
25,454,0
26,473,0
27,465,0
28,464,0
29,449,0
30,452,0
31,461,0
32,456,0
33,466,0
34,452,0
35,455,0
36,14012,0
37,594,0
38,471,0
39,464,0
40,461,0
41,474,0
42,472,0
43,452,0
44,457,0
45,453,0
46,452,0
47,472,0
48,465,0
49,443,0
50,467,0
51,488,0
52,464,0
53,448,0
54,478,0
55,487,0
56,438,0
57,465,0
58,471,0
59,471,0
60,449,0
61,454,0
62,449,0
63,472,0
64,479,0
65,470,0
66,443,0
67,480,0
68,476,0
69,450,0
70,481,0
71,460,0
72,460,0
73,446,0
74,465,0
75,450,0
76,462,0
77,441,0
78,465,0
79,459,0
80,472,0
81,473,0
82,471,0
83,471,0
84,488,0
85,454,0
86,464,0
87,503,0
88,471,0
89,466,0
90,455,0
91,488,0
92,466,0
93,480,0
94,460,0
95,463,0
96,456,0
97,453,0
98,473,0
99,463,0
100,449,0
101,468,0
102,525,0
103,466,0
104,476,0
105,458,0
106,454,0
107,464,0
108,481,0
109,480,0
110,471,0
111,463,0
112,439,0
113,467,0
114,468,0
0,389,0
1,399,0
2,435,0
3,387,0
4,412,0
5,398,0
6,394,0
7,407,0
8,409,0
9,400,0
10,392,0
11,392,0
12,399,0
13,390,0
14,394,0
15,504,0
16,470,0
17,465,0
18,462,0
19,466,0
20,451,0
21,477,0
22,443,0
23,464,0
24,473,0
25,456,0
26,473,0
27,462,0
28,464,0
29,449,0
30,458,0
31,466,0
32,459,0
33,464,0
34,451,0
35,452,0
36,473,0
37,454,0
38,470,0
39,456,0
40,454,0
41,475,0
42,473,0
43,456,0
44,463,0
45,457,0
46,445,0
47,470,0
48,458,0
49,449,0
50,458,0
51,487,0
52,464,0
53,455,0
54,482,0
55,493,0
56,439,0
57,462,0
58,472,0
59,469,0
60,444,0
61,454,0
62,451,0
63,471,0
64,481,0
65,463,0
66,440,0
67,479,0
68,472,0
69,452,0
70,487,0
71,458,0
72,463,0
73,447,0
74,467,0
75,451,0
76,462,0
77,447,0
78,471,0
79,457,0
80,473,0
81,472,0
82,465,0
83,470,0
84,481,0
85,453,0
86,463,0
87,504,0
88,468,0
89,459,0
90,453,0
91,489,0
92,466,0
93,476,0
94,459,0
95,490,0
96,455,0
97,449,0
98,469,0
99,460,0
100,453,0
101,462,0
102,494,0
103,474,0
104,477,0
105,461,0
106,455,0
107,459,0
108,476,0
109,484,0
110,474,0
111,465,0
112,436,0
113,468,0
114,465,0
0,388,0
1,403,0
2,434,0
3,392,0
4,413,0
5,403,0
6,392,0
7,412,0
8,407,0
9,413,0
10,390,0
11,394,0
12,401,0
13,397,0
14,396,0
15,488,0
16,457,0
17,455,0
18,469,0
19,785,0
20,446,0
21,480,0
22,444,0
23,466,0
24,467,0
25,453,0
26,473,0
27,462,0
28,462,0
29,456,0
30,453,0
31,464,0
32,455,0
33,467,0
34,461,0
35,443,0
36,475,0
37,447,0
38,474,0
39,457,0
40,457,0
41,474,0
42,473,0
43,451,0
44,453,0
45,453,0
46,441,0
47,468,0
48,459,0
49,451,0
50,465,0
51,488,0
52,469,0
53,452,0
54,475,0
55,492,0
56,439,0
57,465,0
58,481,0
59,479,0
60,447,0
61,449,0
62,454,0
63,473,0
64,484,0
65,462,0
66,443,0
67,479,0
68,478,0
69,452,0
70,487,0
71,461,0
72,468,0
73,451,0
74,476,0
75,454,0
76,461,0
77,445,0
78,470,0
79,467,0
80,470,0
81,473,0
82,471,0
83,474,0
84,481,0
85,453,0
86,465,0
87,504,0
88,473,0
89,464,0
90,455,0
91,489,0
92,471,0
93,525,0
94,462,0
95,462,0
96,453,0
97,450,0
98,472,0
99,462,0
100,461,0
101,463,0
102,482,0
103,471,0
104,469,0
105,464,0
106,457,0
107,461,0
108,486,0
109,481,0
110,473,0
111,468,0
112,434,0
113,470,0
114,465,0
0,392,0
1,402,0
2,435,0
3,389,0
4,416,0
5,398,0
6,394,0
7,409,0
8,406,0
9,406,0
10,391,0
11,395,0
12,401,0
13,397,0
14,396,0
15,492,0
16,460,0
17,464,0
18,465,0
19,468,0
20,449,0
21,481,0
22,448,0
23,467,0
24,467,0
25,461,0
26,479,0
27,464,0
28,468,0
29,452,0
30,456,0
31,464,0
32,462,0
33,465,0
34,454,0
35,443,0
36,472,0
37,449,0
38,469,0
39,459,0
40,456,0
41,472,0
42,470,0
43,459,0
44,460,0
45,452,0
46,444,0
47,470,0
48,474,0
49,444,0
50,450,0
51,487,0
52,465,0
53,450,0
54,476,0
55,490,0
56,436,0
57,460,0
58,471,0
59,472,0
60,448,0
61,453,0
62,454,0
63,471,0
64,484,0
65,466,0
66,447,0
67,475,0
68,473,0
69,451,0
70,484,0
71,451,0
72,465,0
73,446,0
74,466,0
75,453,0
76,465,0
77,441,0
78,468,0
79,455,0
80,469,0
81,471,0
82,496,0
83,467,0
84,485,0
85,458,0
86,469,0
87,505,0
88,475,0
89,464,0
90,457,0
91,491,0
92,468,0
93,478,0
94,461,0
95,456,0
96,456,0
97,451,0
98,466,0
99,460,0
100,451,0
101,464,0
102,482,0
103,471,0
104,475,0
105,458,0
106,459,0
107,444,0
108,483,0
109,481,0
110,477,0
111,462,0
112,439,0
113,464,0
114,465,0
0,388,0
1,400,0
2,433,0
3,390,0
4,411,0
5,411,0
6,394,0
7,404,0
8,407,0
9,400,0
10,397,0
11,393,0
12,399,0
13,393,0
14,394,0
15,495,0
16,456,0
17,453,0
18,466,0
19,473,0
20,447,0
21,481,0
22,446,0
23,465,0
24,473,0
25,454,0
26,465,0
27,462,0
28,468,0
29,453,0
30,454,0
31,462,0
32,459,0
33,464,0
34,450,0
35,440,0
36,475,0
37,453,0
38,474,0
39,457,0
40,464,0
41,472,0
42,473,0
43,452,0
44,461,0
45,457,0
46,446,0
47,471,0
48,471,0
49,442,0
50,454,0
51,483,0
52,466,0
53,449,0
54,479,0
55,495,0
56,441,0
57,458,0
58,471,0
59,480,0
60,447,0
61,452,0
62,452,0
63,471,0
64,480,0
65,465,0
66,445,0
67,478,0
68,473,0
69,454,0
70,523,0
71,455,0
72,466,0
73,448,0
74,466,0
75,453,0
76,461,0
77,442,0
78,466,0
79,460,0
80,471,0
81,471,0
82,466,0
83,470,0
84,484,0
85,454,0
86,464,0
87,505,0
88,482,0
89,467,0
90,457,0
91,475,0
92,462,0
93,474,0
94,468,0
95,461,0
96,459,0
97,451,0
98,468,0
99,461,0
100,458,0
101,466,0
102,489,0
103,472,0
104,477,0
105,457,0
106,453,0
107,451,0
108,477,0
109,483,0
110,475,0
111,463,0
112,433,0
113,469,0
114,466,0
0,389,0
1,402,0
2,433,0
3,390,0
4,415,0
5,399,0
6,397,0
7,409,0
8,407,0
9,401,0
10,387,0
11,394,0
12,401,0
13,395,0
14,398,0
15,490,0
16,458,0
17,449,0
18,464,0
19,467,0
20,445,0
21,476,0
22,445,0
23,462,0
24,466,0
25,455,0
26,461,0
27,463,0
28,466,0
29,452,0
30,455,0
31,464,0
32,454,0
33,468,0
34,453,0
35,441,0
36,477,0
37,453,0
38,466,0
39,460,0
40,454,0
41,469,0
42,471,0
43,456,0
44,456,0
45,452,0
46,444,0
47,474,0
48,469,0
49,447,0
50,448,0
51,486,0
52,466,0
53,450,0
54,478,0
55,492,0
56,436,0
57,466,0
58,469,0
59,477,0
60,484,0
61,454,0
62,450,0
63,475,0
64,482,0
65,466,0
66,445,0
67,477,0
68,479,0
69,453,0
70,489,0
71,460,0
72,467,0
73,452,0
74,465,0
75,458,0
76,468,0
77,446,0
78,466,0
79,455,0
80,469,0
81,468,0
82,468,0
83,470,0
84,484,0
85,453,0
86,465,0
87,500,0
88,478,0
89,462,0
90,451,0
91,471,0
92,460,0
93,473,0
94,465,0
95,460,0
96,461,0
97,452,0
98,465,0
99,456,0
100,454,0
101,465,0
102,497,0
103,471,0
104,474,0
105,457,0
106,457,0
107,451,0
108,476,0
109,481,0
110,469,0
111,464,0
112,436,0
113,471,0
114,470,0
0,393,0
1,400,0
2,436,0
3,389,0
4,413,0
5,396,0
6,393,0
7,408,0
8,411,0
9,411,0
10,392,0
11,394,0
12,401,0
13,395,0
14,400,0
15,491,0
16,459,0
17,454,0
18,463,0
19,467,0
20,442,0
21,481,0
22,443,0
23,466,0
24,467,0
25,456,0
26,470,0
27,458,0
28,464,0
29,453,0
30,450,0
31,466,0
32,462,0
33,466,0
34,448,0
35,437,0
36,468,0
37,448,0
38,471,0
39,453,0
40,457,0
41,472,0
42,470,0
43,456,0
44,452,0
45,452,0
46,442,0
47,472,0
48,464,0
49,446,0
50,455,0
51,484,0
52,495,0
53,455,0
54,478,0
55,487,0
56,442,0
57,461,0
58,466,0
59,473,0
60,449,0
61,454,0
62,452,0
63,470,0
64,486,0
65,474,0
66,442,0
67,478,0
68,472,0
69,455,0
70,488,0
71,457,0
72,469,0
73,450,0
74,465,0
75,457,0
76,461,0
77,441,0
78,465,0
79,455,0
80,466,0
81,471,0
82,472,0
83,473,0
84,483,0
85,460,0
86,472,0
87,507,0
88,469,0
89,466,0
90,456,0
91,478,0
92,468,0
93,472,0
94,466,0
95,461,0
96,461,0
97,448,0
98,489,0
99,457,0
100,452,0
101,459,0
102,500,0
103,469,0
104,474,0
105,457,0
106,453,0
107,451,0
108,476,0
109,484,0
110,471,0
111,466,0
112,431,0
113,468,0
114,461,0
0,388,0
1,402,0
2,435,0
3,391,0
4,413,0
5,393,0
6,393,0
7,409,0
8,405,0
9,404,0
10,393,0
11,393,0
12,401,0
13,397,0
14,397,0
15,485,0
16,458,0
17,457,0
18,468,0
19,467,0
20,447,0
21,481,0
22,445,0
23,466,0
24,469,0
25,462,0
26,470,0
27,464,0
28,471,0
29,452,0
30,461,0
31,467,0
32,454,0
33,463,0
34,456,0
35,442,0
36,473,0
37,454,0
38,467,0
39,460,0
40,457,0
41,472,0
42,474,0
43,476,0
44,455,0
45,457,0
46,441,0
47,468,0
48,463,0
49,444,0
50,454,0
51,482,0
52,467,0
53,451,0
54,476,0
55,488,0
56,440,0
57,459,0
58,474,0
59,468,0
60,452,0
61,457,0
62,449,0
63,472,0
64,481,0
65,468,0
66,452,0
67,478,0
68,472,0
69,454,0
70,490,0
71,454,0
72,464,0
73,446,0
74,465,0
75,452,0
76,467,0
77,439,0
78,470,0
79,462,0
80,468,0
81,478,0
82,462,0
83,470,0
84,480,0
85,454,0
86,469,0
87,505,0
88,467,0
89,465,0
90,459,0
91,470,0
92,464,0
93,474,0
94,466,0
95,463,0
96,457,0
97,458,0
98,473,0
99,458,0
100,453,0
101,461,0
102,499,0
103,471,0
104,473,0
105,463,0
106,453,0
107,445,0
108,478,0
109,483,0
110,475,0
111,461,0
112,438,0
113,467,0
114,463,0
0,391,0
1,400,0
2,434,0
3,388,0
4,412,0
5,396,0
6,392,0
7,408,0
8,411,0
9,408,0
10,389,0
11,393,0
12,397,0
13,395,0
14,391,0
15,490,0
16,458,0
17,452,0
18,466,0
19,472,0
20,449,0
21,479,0
22,448,0
23,459,0
24,470,0
25,454,0
26,465,0
27,467,0
28,459,0
29,455,0
30,457,0
31,470,0
32,451,0
33,469,0
34,451,0
35,444,0
36,472,0
37,453,0
38,508,0
39,461,0
40,463,0
41,474,0
42,471,0
43,453,0
44,457,0
45,454,0
46,449,0
47,466,0
48,465,0
49,446,0
50,451,0
51,489,0
52,469,0
53,452,0
54,477,0
55,493,0
56,438,0
57,462,0
58,472,0
59,473,0
60,445,0
61,452,0
62,453,0
63,469,0
64,483,0
65,468,0
66,441,0
67,479,0
68,471,0
69,453,0
70,485,0
71,459,0
72,465,0
73,449,0
74,468,0
75,454,0
76,460,0
77,440,0
78,467,0
79,469,0
80,468,0
81,469,0
82,464,0
83,473,0
84,483,0
85,456,0
86,471,0
87,502,0
88,469,0
89,468,0
90,460,0
91,475,0
92,468,0
93,462,0
94,462,0
95,455,0
96,453,0
97,450,0
98,473,0
99,461,0
100,454,0
101,466,0
102,496,0
103,473,0
104,474,0
105,462,0
106,456,0
107,453,0
108,464,0
109,483,0
110,475,0
111,466,0
112,438,0
113,467,0
114,465,0
0,389,0
1,405,0
2,438,0
3,388,0
4,412,0
5,395,0
6,395,0
7,407,0
8,407,0
9,412,0
10,390,0
11,395,0
12,400,0
13,393,0
14,395,0
15,494,0
16,456,0
17,448,0
18,467,0
19,469,0
20,449,0
21,480,0
22,440,0
23,465,0
24,467,0
25,455,0
26,461,0
27,463,0
28,494,0
29,454,0
30,457,0
31,462,0
32,452,0
33,462,0
34,451,0
35,440,0
36,477,0
37,454,0
38,470,0
39,458,0
40,453,0
41,473,0
42,477,0
43,456,0
44,461,0
45,456,0
46,442,0
47,468,0
48,466,0
49,449,0
50,450,0
51,484,0
52,470,0
53,456,0
54,474,0
55,485,0
56,437,0
57,463,0
58,473,0
59,478,0
60,453,0
61,453,0
62,449,0
63,473,0
64,487,0
65,471,0
66,445,0
67,481,0
68,474,0
69,453,0
70,488,0
71,457,0
72,462,0
73,449,0
74,467,0
75,458,0
76,463,0
77,439,0
78,465,0
79,464,0
80,469,0
81,470,0
82,470,0
83,469,0
84,482,0
85,452,0
86,466,0
87,496,0
88,468,0
89,463,0
90,454,0
91,472,0
92,467,0
93,462,0
94,463,0
95,461,0
96,454,0
97,452,0
98,473,0
99,462,0
100,453,0
101,460,0
102,512,0
103,468,0
104,472,0
105,461,0
106,452,0
107,453,0
108,460,0
109,484,0
110,474,0
111,461,0
112,430,0
113,467,0
114,467,0
0,392,0
1,402,0
2,433,0
3,390,0
4,412,0
5,400,0
6,399,0
7,406,0
8,407,0
9,403,0
10,392,0
11,396,0
12,404,0
13,396,0
14,394,0
15,496,0
16,456,0
17,455,0
18,464,0
19,469,0
20,448,0
21,477,0
22,445,0
23,460,0
24,471,0
25,456,0
26,465,0
27,465,0
28,468,0
29,455,0
30,459,0
31,468,0
32,453,0
33,467,0
34,456,0
35,439,0
36,475,0
37,453,0
38,473,0
39,461,0
40,459,0
41,466,0
42,471,0
43,454,0
44,459,0
45,455,0
46,446,0
47,466,0
48,462,0
49,445,0
50,460,0
51,482,0
52,468,0
53,452,0
54,474,0
55,489,0
56,438,0
57,459,0
58,468,0
59,474,0
60,442,0
61,453,0
62,452,0
63,471,0
64,480,0
65,467,0
66,449,0
67,480,0
68,474,0
69,448,0
70,489,0
71,455,0
72,460,0
73,452,0
74,466,0
75,455,0
76,467,0
77,443,0
78,472,0
79,456,0
80,469,0
81,471,0
82,463,0
83,468,0
84,486,0
85,460,0
86,469,0
87,505,0
88,476,0
89,468,0
90,456,0
91,469,0
92,500,0
93,477,0
94,463,0
95,465,0
96,458,0
97,449,0
98,473,0
99,461,0
100,451,0
101,466,0
102,500,0
103,473,0
104,478,0
105,455,0
106,457,0
107,448,0
108,468,0
109,479,0
110,473,0
111,464,0
112,435,0
113,465,0
114,463,0
0,388,0
1,398,0
2,435,0
3,391,0
4,408,0
5,397,0
6,398,0
7,406,0
8,405,0
9,402,0
10,392,0
11,395,0
12,401,0
13,393,0
14,394,0
15,491,0
16,460,0
17,453,0
18,462,0
19,469,0
20,447,0
21,478,0
22,449,0
23,463,0
24,467,0
25,455,0
26,463,0
27,465,0
28,465,0
29,455,0
30,453,0
31,465,0
32,459,0
33,467,0
34,453,0
35,440,0
36,478,0
37,450,0
38,469,0
39,460,0
40,458,0
41,472,0
42,470,0
43,457,0
44,457,0
45,455,0
46,444,0
47,470,0
48,466,0
49,448,0
50,465,0
51,483,0
52,471,0
53,448,0
54,479,0
55,493,0
56,432,0
57,466,0
58,468,0
59,473,0
60,450,0
61,444,0
62,450,0
63,469,0
64,480,0
65,460,0
66,443,0
67,478,0
68,475,0
69,453,0
70,483,0
71,459,0
72,466,0
73,448,0
74,464,0
75,461,0
76,463,0
77,441,0
78,465,0
79,457,0
80,467,0
81,473,0
82,465,0
83,475,0
84,488,0
85,455,0
86,466,0
87,502,0
88,505,0
89,463,0
90,457,0
91,479,0
92,465,0
93,466,0
94,465,0
95,469,0
96,455,0
97,452,0
98,468,0
99,466,0
100,450,0
101,470,0
102,502,0
103,472,0
104,473,0
105,465,0
106,453,0
107,452,0
108,468,0
109,486,0
110,476,0
111,464,0
112,435,0
113,467,0
114,467,0
0,390,0
1,405,0
2,433,0
3,388,0
4,412,0
5,399,0
6,394,0
7,409,0
8,409,0
9,402,0
10,389,0
11,392,0
12,402,0
13,395,0
14,394,0
15,493,0
16,463,0
17,449,0
18,460,0
19,465,0
20,445,0
21,481,0
22,444,0
23,464,0
24,468,0
25,455,0
26,467,0
27,462,0
28,465,0
29,450,0
30,453,0
31,465,0
32,459,0
33,462,0
34,455,0
35,443,0
36,474,0
37,456,0
38,470,0
39,461,0
40,453,0
41,471,0
42,479,0
43,454,0
44,453,0
45,462,0
46,443,0
47,468,0
48,471,0
49,445,0
50,466,0
51,483,0
52,468,0
53,457,0
54,475,0
55,491,0
56,441,0
57,464,0
58,470,0
59,471,0
60,447,0
61,449,0
62,456,0
63,471,0
64,484,0
65,461,0
66,443,0
67,481,0
68,472,0
69,451,0
70,487,0
71,456,0
72,462,0
73,447,0
74,464,0
75,450,0
76,464,0
77,438,0
78,466,0
79,460,0
80,464,0
81,471,0
82,462,0
83,507,0
84,484,0
85,454,0
86,466,0
87,501,0
88,472,0
89,465,0
90,452,0
91,478,0
92,468,0
93,466,0
94,463,0
95,458,0
96,456,0
97,448,0
98,466,0
99,465,0
100,454,0
101,460,0
102,498,0
103,474,0
104,476,0
105,466,0
106,458,0
107,453,0
108,466,0
109,483,0
110,475,0
111,469,0
112,436,0
113,475,0
114,470,0
0,396,0
1,399,0
2,437,0
3,392,0
4,411,0
5,397,0
6,394,0
7,407,0
8,408,0
9,405,0
10,388,0
11,395,0
12,400,0
13,395,0
14,396,0
15,492,0
16,461,0
17,452,0
18,463,0
19,469,0
20,448,0
21,482,0
22,443,0
23,466,0
24,466,0
25,460,0
26,468,0
27,467,0
28,465,0
29,451,0
30,459,0
31,460,0
32,463,0
33,465,0
34,448,0
35,438,0
36,471,0
37,448,0
38,471,0
39,456,0
40,453,0
41,469,0
42,471,0
43,452,0
44,458,0
45,455,0
46,441,0
47,469,0
48,464,0
49,448,0
50,464,0
51,493,0
52,471,0
53,454,0
54,476,0
55,494,0
56,440,0
57,461,0
58,472,0
59,480,0
60,446,0
61,450,0
62,452,0
63,470,0
64,480,0
65,470,0
66,448,0
67,479,0
68,475,0
69,451,0
70,489,0
71,456,0
72,502,0
73,455,0
74,469,0
75,454,0
76,464,0
77,440,0
78,465,0
79,458,0
80,471,0
81,469,0
82,463,0
83,474,0
84,484,0
85,457,0
86,470,0
87,501,0
88,465,0
89,465,0
90,455,0
91,472,0
92,466,0
93,463,0
94,463,0
95,460,0
96,453,0
97,452,0
98,465,0
99,464,0
100,449,0
101,465,0
102,498,0
103,473,0
104,467,0
105,460,0
106,453,0
107,449,0
108,463,0
109,480,0
110,478,0
111,462,0
112,437,0
113,473,0
114,463,0
0,391,0
1,399,0
2,436,0
3,390,0
4,416,0
5,394,0
6,392,0
7,409,0
8,408,0
9,412,0
10,390,0
11,396,0
12,402,0
13,396,0
14,399,0
15,491,0
16,462,0
17,452,0
18,469,0
19,474,0
20,447,0
21,485,0
22,446,0
23,464,0
24,478,0
25,456,0
26,462,0
27,461,0
28,468,0
29,446,0
30,455,0
31,463,0
32,455,0
33,466,0
34,455,0
35,448,0
36,477,0
37,454,0
38,471,0
39,459,0
40,458,0
41,470,0
42,472,0
43,451,0
44,457,0
45,456,0
46,446,0
47,470,0
48,463,0
49,447,0
50,463,0
51,482,0
52,467,0
53,446,0
54,479,0
55,491,0
56,437,0
57,460,0
58,471,0
59,469,0
60,447,0
61,454,0
62,451,0
63,501,0
64,483,0
65,467,0
66,450,0
67,482,0
68,471,0
69,449,0
70,485,0
71,456,0
72,463,0
73,448,0
74,462,0
75,453,0
76,463,0
77,443,0
78,469,0
79,454,0
80,470,0
81,475,0
82,461,0
83,471,0
84,489,0
85,456,0
86,470,0
87,502,0
88,475,0
89,466,0
90,458,0
91,471,0
92,466,0
93,464,0
94,465,0
95,455,0
96,457,0
97,448,0
98,468,0
99,457,0
100,453,0
101,459,0
102,497,0
103,474,0
104,473,0
105,460,0
106,455,0
107,454,0
108,469,0
109,482,0
110,474,0
111,464,0
112,437,0
113,466,0
114,463,0
0,388,0
1,400,0
2,434,0
3,394,0
4,412,0
5,395,0
6,395,0
7,407,0
8,410,0
9,413,0
10,385,0
11,393,0
12,400,0
13,397,0
14,393,0
15,488,0
16,456,0
17,455,0
18,463,0
19,471,0
20,446,0
21,479,0
22,450,0
23,471,0
24,471,0
25,458,0
26,465,0
27,468,0
28,463,0
29,453,0
30,460,0
31,462,0
32,451,0
33,470,0
34,453,0
35,448,0
36,479,0
37,451,0
38,472,0
39,453,0
40,451,0
41,474,0
42,467,0
43,454,0
44,462,0
45,449,0
46,440,0
47,473,0
48,467,0
49,449,0
50,464,0
51,481,0
52,470,0
53,450,0
54,477,0
55,486,0
56,440,0
57,461,0
58,473,0
59,506,0
60,446,0
61,451,0
62,450,0
63,474,0
64,483,0
65,466,0
66,442,0
67,480,0
68,471,0
69,447,0
70,487,0
71,454,0
72,460,0
73,450,0
74,465,0
75,452,0
76,461,0
77,445,0
78,470,0
79,455,0
80,465,0
81,464,0
82,458,0
83,468,0
84,485,0
85,452,0
86,463,0
87,504,0
88,470,0
89,462,0
90,453,0
91,474,0
92,462,0
93,467,0
94,467,0
95,461,0
96,455,0
97,454,0
98,472,0
99,463,0
100,454,0
101,467,0
102,495,0
103,470,0
104,470,0
105,462,0
106,457,0
107,453,0
108,465,0
109,478,0
110,474,0
111,468,0
112,440,0
113,470,0
114,465,0
0,392,0
1,403,0
2,436,0
3,395,0
4,413,0
5,392,0
6,398,0
7,407,0
8,406,0
9,403,0
10,384,0
11,396,0
12,400,0
13,396,0
14,394,0
15,492,0
16,461,0
17,451,0
18,466,0
19,468,0
20,447,0
21,484,0
22,446,0
23,466,0
24,469,0
25,453,0
26,467,0
27,465,0
28,463,0
29,456,0
30,461,0
31,464,0
32,454,0
33,463,0
34,454,0
35,439,0
36,472,0
37,450,0
38,474,0
39,462,0
40,459,0
41,473,0
42,473,0
43,455,0
44,456,0
45,454,0
46,442,0
47,472,0
48,468,0
49,448,0
50,463,0
51,488,0
52,506,0
53,454,0
54,480,0
55,502,0
56,442,0
57,458,0
58,474,0
59,471,0
60,445,0
61,454,0
62,450,0
63,473,0
64,488,0
65,461,0
66,442,0
67,478,0
68,477,0
69,450,0
70,487,0
71,457,0
72,464,0
73,450,0
74,464,0
75,454,0
76,465,0
77,435,0
78,469,0
79,459,0
80,465,0
81,472,0
82,458,0
83,473,0
84,486,0
85,455,0
86,466,0
87,503,0
88,470,0
89,465,0
90,453,0
91,474,0
92,463,0
93,467,0
94,467,0
95,459,0
96,457,0
97,449,0
98,467,0
99,457,0
100,448,0
101,467,0
102,499,0
103,472,0
104,472,0
105,460,0
106,469,0
107,451,0
108,464,0
109,479,0
110,472,0
111,468,0
112,436,0
113,473,0
114,466,0
0,391,0
1,402,0
2,433,0
3,388,0
4,415,0
5,394,0
6,397,0
7,410,0
8,408,0
9,404,0
10,391,0
11,394,0
12,401,0
13,395,0
14,396,0
15,490,0
16,463,0
17,457,0
18,462,0
19,471,0
20,450,0
21,477,0
22,441,0
23,462,0
24,468,0
25,457,0
26,463,0
27,465,0
28,467,0
29,452,0
30,449,0
31,465,0
32,453,0
33,464,0
34,451,0
35,446,0
36,468,0
37,452,0
38,478,0
39,459,0
40,456,0
41,468,0
42,503,0
43,461,0
44,456,0
45,454,0
46,439,0
47,470,0
48,466,0
49,446,0
50,456,0
51,481,0
52,471,0
53,454,0
54,480,0
55,489,0
56,446,0
57,463,0
58,472,0
59,475,0
60,449,0
61,456,0
62,453,0
63,475,0
64,481,0
65,468,0
66,450,0
67,480,0
68,475,0
69,456,0
70,487,0
71,456,0
72,467,0
73,453,0
74,465,0
75,454,0
76,15055,0
77,535,0
78,470,0
79,461,0
80,471,0
81,468,0
82,464,0
83,466,0
84,485,0
85,459,0
86,480,0
87,505,0
88,474,0
89,464,0
90,455,0
91,476,0
92,466,0
93,466,0
94,467,0
95,460,0
96,454,0
97,452,0
98,474,0
99,460,0
100,455,0
101,466,0
102,496,0
103,476,0
104,471,0
105,462,0
106,459,0
107,451,0
108,466,0
109,481,0
110,477,0
111,467,0
112,440,0
113,466,0
114,462,0
0,392,0
1,400,0
2,438,0
3,389,0
4,415,0
5,396,0
6,396,0
7,409,0
8,408,0
9,407,0
10,391,0
11,392,0
12,397,0
13,394,0
14,395,0
15,487,0
16,454,0
17,454,0
18,464,0
19,472,0
20,445,0
21,482,0
22,444,0
23,464,0
24,470,0
25,485,0
26,469,0
27,462,0
28,461,0
29,446,0
30,452,0
31,467,0
32,453,0
33,469,0
34,454,0
35,444,0
36,474,0
37,453,0
38,476,0
39,460,0
40,458,0
41,474,0
42,473,0
43,457,0
44,466,0
45,452,0
46,445,0
47,471,0
48,467,0
49,448,0
50,464,0
51,481,0
52,464,0
53,452,0
54,478,0
55,493,0
56,441,0
57,467,0
58,472,0
59,476,0
60,446,0
61,454,0
62,452,0
63,470,0
64,492,0
65,469,0
66,443,0
67,479,0
68,472,0
69,449,0
70,488,0
71,455,0
72,460,0
73,450,0
74,463,0
75,455,0
76,460,0
77,439,0
78,467,0
79,458,0
80,471,0
81,468,0
82,460,0
83,465,0
84,485,0
85,456,0
86,474,0
87,499,0
88,469,0
89,460,0
90,455,0
91,472,0
92,464,0
93,463,0
94,467,0
95,458,0
96,460,0
97,449,0
98,473,0
99,456,0
100,451,0
101,467,0
102,498,0
103,471,0
104,472,0
105,460,0
106,450,0
107,453,0
108,467,0
109,483,0
110,476,0
111,464,0
112,432,0
113,469,0
114,469,0
0,392,0
1,399,0
2,436,0
3,392,0
4,413,0
5,397,0
6,396,0
7,410,0
8,407,0
9,407,0
10,389,0
11,395,0
12,401,0
13,393,0
14,397,0
15,487,0
16,455,0
17,454,0
18,465,0
19,468,0
20,448,0
21,480,0
22,448,0
23,466,0
24,468,0
25,482,0
26,463,0
27,463,0
28,470,0
29,448,0
30,455,0
31,463,0
32,454,0
33,466,0
34,451,0
35,441,0
36,478,0
37,450,0
38,467,0
39,457,0
40,452,0
41,478,0
42,475,0
43,457,0
44,462,0
45,457,0
46,448,0
47,472,0
48,462,0
49,446,0
50,461,0
51,485,0
52,464,0
53,454,0
54,481,0
55,492,0
56,440,0
57,462,0
58,474,0
59,466,0
60,446,0
61,454,0
62,452,0
63,467,0
64,482,0
65,468,0
66,446,0
67,477,0
68,475,0
69,452,0
70,486,0
71,459,0
72,469,0
73,454,0
74,465,0
75,453,0
76,465,0
77,442,0
78,468,0
79,453,0
80,469,0
81,469,0
82,465,0
83,471,0
84,485,0
85,453,0
86,467,0
87,506,0
88,470,0
89,465,0
90,459,0
91,475,0
92,463,0
93,469,0
94,461,0
95,461,0
96,453,0
97,450,0
98,468,0
99,463,0
100,450,0
101,460,0
102,495,0
103,469,0
104,472,0
105,459,0
106,453,0
107,451,0
108,460,0
109,478,0
110,476,0
111,464,0
112,439,0
113,473,0
114,465,0
0,393,0
1,398,0
2,438,0
3,389,0
4,412,0
5,391,0
6,395,0
7,408,0
8,408,0
9,406,0
10,389,0
11,393,0
12,400,0
13,395,0
14,398,0
15,490,0
16,457,0
17,456,0
18,468,0
19,467,0
20,450,0
21,517,0
22,447,0
23,472,0
24,470,0
25,458,0
26,469,0
27,464,0
28,468,0
29,449,0
30,454,0
31,465,0
32,455,0
33,463,0
34,457,0
35,442,0
36,471,0
37,451,0
38,468,0
39,455,0
40,457,0
41,471,0
42,472,0
43,454,0
44,460,0
45,456,0
46,441,0
47,472,0
48,467,0
49,445,0
50,461,0
51,482,0
52,465,0
53,458,0
54,478,0
55,491,0
56,440,0
57,458,0
58,470,0
59,467,0
60,442,0
61,455,0
62,453,0
63,471,0
64,481,0
65,466,0
66,440,0
67,483,0
68,477,0
69,453,0
70,488,0
71,457,0
72,467,0
73,446,0
74,469,0
75,456,0
76,462,0
77,444,0
78,469,0
79,459,0
80,475,0
81,473,0
82,459,0
83,470,0
84,483,0
85,458,0
86,467,0
87,504,0
88,473,0
89,467,0
90,459,0
91,478,0
92,466,0
93,465,0
94,461,0
95,462,0
96,457,0
97,451,0
98,474,0
99,460,0
100,452,0
101,470,0
102,503,0
103,474,0
104,475,0
105,460,0
106,460,0
107,452,0
108,464,0
109,478,0
110,477,0
111,464,0
112,436,0
113,461,0
114,460,0
0,390,0
1,400,0
2,438,0
3,392,0
4,411,0
5,395,0
6,395,0
7,407,0
8,415,0
9,401,0
10,390,0
11,398,0
12,404,0
13,393,0
14,399,0
15,520,0
16,459,0
17,451,0
18,467,0
19,470,0
20,450,0
21,480,0
22,446,0
23,462,0
24,477,0
25,460,0
26,467,0
27,468,0
28,465,0
29,449,0
30,458,0
31,466,0
32,457,0
33,468,0
34,452,0
35,444,0
36,474,0
37,457,0
38,473,0
39,458,0
40,460,0
41,475,0
42,469,0
43,454,0
44,457,0
45,457,0
46,446,0
47,471,0
48,463,0
49,448,0
50,463,0
51,488,0
52,467,0
53,454,0
54,478,0
55,490,0
56,444,0
57,461,0
58,469,0
59,471,0
60,455,0
61,452,0
62,453,0
63,468,0
64,484,0
65,468,0
66,435,0
67,480,0
68,474,0
69,454,0
70,483,0
71,457,0
72,460,0
73,443,0
74,464,0
75,459,0
76,463,0
77,443,0
78,462,0
79,459,0
80,468,0
81,468,0
82,470,0
83,470,0
84,485,0
85,457,0
86,466,0
87,503,0
88,470,0
89,463,0
90,454,0
91,477,0
92,467,0
93,462,0
94,468,0
95,462,0
96,453,0
97,451,0
98,468,0
99,464,0
100,449,0
101,466,0
102,500,0
103,473,0
104,470,0
105,457,0
106,457,0
107,454,0
108,470,0
109,477,0
110,476,0
111,462,0
112,434,0
113,489,0
114,466,0
0,393,0
1,403,0
2,438,0
3,390,0
4,413,0
5,398,0
6,394,0
7,408,0
8,410,0
9,401,0
10,419,0
11,397,0
12,404,0
13,393,0
14,397,0
15,490,0
16,461,0
17,450,0
18,460,0
19,469,0
20,445,0
21,476,0
22,443,0
23,469,0
24,468,0
25,458,0
26,466,0
27,466,0
28,464,0
29,455,0
30,453,0
31,468,0
32,455,0
33,465,0
34,449,0
35,439,0
36,473,0
37,444,0
38,478,0
39,456,0
40,458,0
41,471,0
42,473,0
43,458,0
44,464,0
45,452,0
46,496,0
47,471,0
48,466,0
49,449,0
50,461,0
51,489,0
52,467,0
53,453,0
54,480,0
55,496,0
56,444,0
57,464,0
58,475,0
59,478,0
60,451,0
61,449,0
62,458,0
63,472,0
64,483,0
65,471,0
66,446,0
67,474,0
68,473,0
69,451,0
70,483,0
71,460,0
72,465,0
73,445,0
74,468,0
75,452,0
76,464,0
77,439,0
78,469,0
79,458,0
80,474,0
81,469,0
82,463,0
83,469,0
84,484,0
85,458,0
86,463,0
87,499,0
88,477,0
89,464,0
90,455,0
91,475,0
92,462,0
93,468,0
94,465,0
95,466,0
96,456,0
97,446,0
98,472,0
99,461,0
100,452,0
101,459,0
102,497,0
103,467,0
104,472,0
105,457,0
106,456,0
107,447,0
108,465,0
109,485,0
110,480,0
111,495,0
112,437,0
113,477,0
114,463,0
0,389,0
1,401,0
2,434,0
3,394,0
4,412,0
5,397,0
6,393,0
7,410,0
8,407,0
9,410,0
10,392,0
11,398,0
12,400,0
13,395,0
14,394,0
15,489,0
16,459,0
17,452,0
18,460,0
19,463,0
20,448,0
21,484,0
22,450,0
23,466,0
24,465,0
25,457,0
26,469,0
27,468,0
28,465,0
29,450,0
30,453,0
31,463,0
32,458,0
33,465,0
34,451,0
35,441,0
36,472,0
37,451,0
38,474,0
39,455,0
40,455,0
41,470,0
42,468,0
43,460,0
44,456,0
45,454,0
46,446,0
47,470,0
48,461,0
49,444,0
50,463,0
51,486,0
52,467,0
53,453,0
54,478,0
55,488,0
56,442,0
57,462,0
58,475,0
59,477,0
60,445,0
61,454,0
62,452,0
63,468,0
64,485,0
65,465,0
66,445,0
67,481,0
68,475,0
69,458,0
70,493,0
71,455,0
72,467,0
73,447,0
74,467,0
75,457,0
76,467,0
77,438,0
78,472,0
79,456,0
80,466,0
81,469,0
82,465,0
83,476,0
84,487,0
85,459,0
86,465,0
87,502,0
88,475,0
89,463,0
90,455,0
91,479,0
92,466,0
93,469,0
94,461,0
95,491,0
96,455,0
97,456,0
98,470,0
99,458,0
100,450,0
101,466,0
102,497,0
103,471,0
104,471,0
105,465,0
106,457,0
107,453,0
108,468,0
109,486,0
110,474,0
111,467,0
112,441,0
113,471,0
114,463,0
0,389,0
1,400,0
2,438,0
3,390,0
4,413,0
5,396,0
6,409,0
7,409,0
8,404,0
9,407,0
10,392,0
11,393,0
12,401,0
13,399,0
14,395,0
15,488,0
16,457,0
17,457,0
18,469,0
19,470,0
20,447,0
21,481,0
22,450,0
23,465,0
24,470,0
25,460,0
26,463,0
27,467,0
28,467,0
29,456,0
30,458,0
31,465,0
32,456,0
33,468,0
34,450,0
35,442,0
36,476,0
37,458,0
38,469,0
39,460,0
40,458,0
41,474,0
42,469,0
43,456,0
44,455,0
45,457,0
46,440,0
47,468,0
48,464,0
49,443,0
50,462,0
51,488,0
52,467,0
53,450,0
54,478,0
55,488,0
56,441,0
57,466,0
58,472,0
59,474,0
60,443,0
61,449,0
62,450,0
63,468,0
64,479,0
65,462,0
66,447,0
67,481,0
68,473,0
69,451,0
70,487,0
71,453,0
72,461,0
73,446,0
74,468,0
75,457,0
76,463,0
77,438,0
78,470,0
79,461,0
80,499,0
81,469,0
82,469,0
83,473,0
84,483,0
85,457,0
86,466,0
87,503,0
88,474,0
89,464,0
90,455,0
91,478,0
92,469,0
93,470,0
94,460,0
95,463,0
96,458,0
97,455,0
98,467,0
99,465,0
100,454,0
101,466,0
102,499,0
103,471,0
104,473,0
105,460,0
106,459,0
107,455,0
108,464,0
109,483,0
110,475,0
111,467,0
112,436,0
113,469,0
114,465,0
0,393,0
1,398,0
2,435,0
3,388,0
4,409,0
5,392,0
6,407,0
7,411,0
8,408,0
9,409,0
10,394,0
11,398,0
12,402,0
13,397,0
14,392,0
15,488,0
16,458,0
17,451,0
18,463,0
19,460,0
20,450,0
21,484,0
22,445,0
23,463,0
24,468,0
25,452,0
26,464,0
27,467,0
28,466,0
29,454,0
30,460,0
31,463,0
32,454,0
33,468,0
34,456,0
35,448,0
36,473,0
37,452,0
38,472,0
39,456,0
40,455,0
41,471,0
42,475,0
43,457,0
44,480,0
45,456,0
46,443,0
47,470,0
48,474,0
49,451,0
50,463,0
51,489,0
52,463,0
53,451,0
54,481,0
55,490,0
56,443,0
57,466,0
58,467,0
59,473,0
60,447,0
61,455,0
62,455,0
63,472,0
64,478,0
65,467,0
66,447,0
67,518,0
68,466,0
69,454,0
70,485,0
71,458,0
72,459,0
73,447,0
74,460,0
75,454,0
76,455,0
77,436,0
78,470,0
79,457,0
80,468,0
81,473,0
82,470,0
83,467,0
84,483,0
85,457,0
86,469,0
87,504,0
88,475,0
89,464,0
90,460,0
91,479,0
92,468,0
93,465,0
94,466,0
95,461,0
96,461,0
97,453,0
98,469,0
99,459,0
100,452,0
101,464,0
102,500,0
103,473,0
104,478,0
105,458,0
106,453,0
107,452,0
108,472,0
109,480,0
110,474,0
111,470,0
112,440,0
113,465,0
114,464,0
0,394,0
1,404,0
2,437,0
3,387,0
4,410,0
5,393,0
6,407,0
7,409,0
8,409,0
9,407,0
10,391,0
11,395,0
12,402,0
13,395,0
14,395,0
15,488,0
16,458,0
17,454,0
18,467,0
19,467,0
20,446,0
21,482,0
22,446,0
23,465,0
24,468,0
25,457,0
26,460,0
27,465,0
28,463,0
29,451,0
30,455,0
31,471,0
32,456,0
33,464,0
34,455,0
35,443,0
36,475,0
37,449,0
38,471,0
39,460,0
40,457,0
41,471,0
42,471,0
43,460,0
44,456,0
45,458,0
46,444,0
47,469,0
48,466,0
49,444,0
50,464,0
51,485,0
52,467,0
53,476,0
54,483,0
55,492,0
56,441,0
57,465,0
58,472,0
59,479,0
60,450,0
61,455,0
62,449,0
63,475,0
64,485,0
65,471,0
66,443,0
67,476,0
68,471,0
69,455,0
70,488,0
71,458,0
72,463,0
73,451,0
74,465,0
75,459,0
76,468,0
77,435,0
78,465,0
79,460,0
80,472,0
81,471,0
82,462,0
83,475,0
84,488,0
85,457,0
86,469,0
87,493,0
88,470,0
89,462,0
90,459,0
91,479,0
92,465,0
93,466,0
94,465,0
95,466,0
96,456,0
97,451,0
98,469,0
99,455,0
100,450,0
101,464,0
102,494,0
103,473,0
104,473,0
105,464,0
106,458,0
107,456,0
108,465,0
109,482,0
110,477,0
111,463,0
112,435,0
113,470,0
114,467,0
0,394,0
1,404,0
2,438,0
3,395,0
4,410,0
5,399,0
6,408,0
7,407,0
8,408,0
9,402,0
10,392,0
11,396,0
12,400,0
13,396,0
14,393,0
15,488,0
16,458,0
17,455,0
18,462,0
19,466,0
20,447,0
21,479,0
22,442,0
23,463,0
24,476,0
25,460,0
26,466,0
27,469,0
28,473,0
29,451,0
30,459,0
31,466,0
32,457,0
33,468,0
34,452,0
35,435,0
36,471,0
37,482,0
38,469,0
39,454,0
40,457,0
41,470,0
42,470,0
43,452,0
44,457,0
45,453,0
46,445,0
47,469,0
48,466,0
49,448,0
50,463,0
51,486,0
52,466,0
53,450,0
54,480,0
55,489,0
56,439,0
57,459,0
58,473,0
59,472,0
60,450,0
61,452,0
62,454,0
63,474,0
64,481,0
65,467,0
66,448,0
67,479,0
68,473,0
69,455,0
70,487,0
71,455,0
72,473,0
73,448,0
74,468,0
75,455,0
76,464,0
77,445,0
78,467,0
79,458,0
80,470,0
81,471,0
82,466,0
83,474,0
84,485,0
85,457,0
86,470,0
87,499,0
88,470,0
89,464,0
90,455,0
91,476,0
92,465,0
93,470,0
94,468,0
95,457,0
96,459,0
97,449,0
98,463,0
99,462,0
100,454,0
101,462,0
102,497,0
103,467,0
104,478,0
105,459,0
106,455,0
107,451,0
108,465,0
109,479,0
110,473,0
111,465,0
112,433,0
113,475,0
114,470,0
0,394,0
1,402,0
2,433,0
3,391,0
4,415,0
5,395,0
6,408,0
7,407,0
8,408,0
9,409,0
10,393,0
11,397,0
12,400,0
13,398,0
14,402,0
15,491,0
16,459,0
17,454,0
18,464,0
19,469,0
20,449,0
21,483,0
22,446,0
23,463,0
24,468,0
25,489,0
26,468,0
27,465,0
28,501,0
29,449,0
30,454,0
31,467,0
32,457,0
33,465,0
34,455,0
35,439,0
36,510,0
37,455,0
38,471,0
39,456,0
40,459,0
41,477,0
42,470,0
43,457,0
44,489,0
45,457,0
46,444,0
47,470,0
48,467,0
49,449,0
50,465,0
51,483,0
52,462,0
53,455,0
54,479,0
55,487,0
56,439,0
57,457,0
58,472,0
59,468,0
60,448,0
61,454,0
62,451,0
63,468,0
64,483,0
65,466,0
66,443,0
67,478,0
68,473,0
69,451,0
70,482,0
71,460,0
72,462,0
73,452,0
74,470,0
75,453,0
76,459,0
77,440,0
78,467,0
79,459,0
80,463,0
81,469,0
82,471,0
83,474,0
84,491,0
85,455,0
86,466,0
87,504,0
88,476,0
89,461,0
90,459,0
91,476,0
92,468,0
93,468,0
94,468,0
95,458,0
96,454,0
97,452,0
98,468,0
99,462,0
100,452,0
101,467,0
102,502,0
103,469,0
104,470,0
105,462,0
106,457,0
107,455,0
108,468,0
109,478,0
110,475,0
111,467,0
112,434,0
113,468,0
114,468,0
0,394,0
1,406,0
2,432,0
3,391,0
4,412,0
5,392,0
6,407,0
7,409,0
8,409,0
9,410,0
10,387,0
11,398,0
12,428,0
13,394,0
14,395,0
15,486,0
16,460,0
17,453,0
18,471,0
19,469,0
20,447,0
21,484,0
22,445,0
23,462,0
24,469,0
25,461,0
26,464,0
27,467,0
28,464,0
29,453,0
30,451,0
31,460,0
32,458,0
33,466,0
34,455,0
35,439,0
36,472,0
37,455,0
38,471,0
39,460,0
40,458,0
41,468,0
42,473,0
43,454,0
44,455,0
45,455,0
46,446,0
47,469,0
48,460,0
49,448,0
50,467,0
51,482,0
52,472,0
53,455,0
54,485,0
55,490,0
56,441,0
57,459,0
58,472,0
59,472,0
60,449,0
61,456,0
62,455,0
63,474,0
64,480,0
65,469,0
66,440,0
67,477,0
68,470,0
69,451,0
70,484,0
71,460,0
72,466,0
73,446,0
74,463,0
75,455,0
76,462,0
77,439,0
78,470,0
79,461,0
80,470,0
81,473,0
82,466,0
83,470,0
84,482,0
85,457,0
86,466,0
87,502,0
88,474,0
89,465,0
90,453,0
91,481,0
92,469,0
93,466,0
94,466,0
95,462,0
96,453,0
97,451,0
98,471,0
99,469,0
100,456,0
101,470,0
102,505,0
103,473,0
104,471,0
105,461,0
106,460,0
107,454,0
108,470,0
109,483,0
110,474,0
111,467,0
112,436,0
113,472,0
114,471,0
0,394,0
1,402,0
2,438,0
3,425,0
4,414,0
5,394,0
6,407,0
7,407,0
8,406,0
9,413,0
10,394,0
11,394,0
12,401,0
13,396,0
14,395,0
15,487,0
16,459,0
17,458,0
18,466,0
19,469,0
20,448,0
21,484,0
22,444,0
23,468,0
24,469,0
25,457,0
26,465,0
27,463,0
28,466,0
29,450,0
30,457,0
31,460,0
32,453,0
33,466,0
34,453,0
35,439,0
36,468,0
37,457,0
38,472,0
39,460,0
40,458,0
41,472,0
42,470,0
43,453,0
44,453,0
45,457,0
46,446,0
47,471,0
48,464,0
49,446,0
50,465,0
51,483,0
52,466,0
53,449,0
54,477,0
55,497,0
56,442,0
57,469,0
58,469,0
59,472,0
60,455,0
61,457,0
62,452,0
63,470,0
64,483,0
65,467,0
66,450,0
67,482,0
68,472,0
69,451,0
70,481,0
71,460,0
72,463,0
73,449,0
74,464,0
75,456,0
76,467,0
77,442,0
78,468,0
79,458,0
80,472,0
81,472,0
82,464,0
83,471,0
84,484,0
85,455,0
86,470,0
87,499,0
88,471,0
89,459,0
90,456,0
91,479,0
92,466,0
93,463,0
94,462,0
95,460,0
96,456,0
97,452,0
98,464,0
99,456,0
100,455,0
101,461,0
102,502,0
103,501,0
104,478,0
105,460,0
106,459,0
107,454,0
108,466,0
109,480,0
110,474,0
111,465,0
112,435,0
113,474,0
114,466,0
0,391,0
1,399,0
2,432,0
3,391,0
4,412,0
5,397,0
6,409,0
7,409,0
8,409,0
9,406,0
10,394,0
11,397,0
12,400,0
13,395,0
14,397,0
15,492,0
16,466,0
17,451,0
18,469,0
19,466,0
20,452,0
21,484,0
22,449,0
23,469,0
24,472,0
25,457,0
26,464,0
27,469,0
28,463,0
29,455,0
30,453,0
31,465,0
32,454,0
33,470,0
34,448,0
35,442,0
36,475,0
37,450,0
38,469,0
39,459,0
40,456,0
41,472,0
42,471,0
43,452,0
44,460,0
45,455,0
46,441,0
47,472,0
48,464,0
49,442,0
50,461,0
51,479,0
52,469,0
53,450,0
54,480,0
55,495,0
56,441,0
57,463,0
58,474,0
59,479,0
60,451,0
61,449,0
62,451,0
63,474,0
64,484,0
65,465,0
66,447,0
67,477,0
68,468,0
69,449,0
70,483,0
71,454,0
72,469,0
73,453,0
74,467,0
75,454,0
76,463,0
77,442,0
78,473,0
79,456,0
80,472,0
81,472,0
82,467,0
83,474,0
84,484,0
85,463,0
86,467,0
87,533,0
88,471,0
89,465,0
90,458,0
91,479,0
92,464,0
93,465,0
94,469,0
95,458,0
96,456,0
97,454,0
98,474,0
99,460,0
100,456,0
101,465,0
102,500,0
103,470,0
104,474,0
105,460,0
106,456,0
107,450,0
108,466,0
109,485,0
110,477,0
111,466,0
112,437,0
113,467,0
114,463,0
0,390,0
1,400,0
2,434,0
3,391,0
4,415,0
5,394,0
6,412,0
7,408,0
8,408,0
9,413,0
10,393,0
11,397,0
12,400,0
13,393,0
14,393,0
15,492,0
16,463,0
17,449,0
18,465,0
19,473,0
20,453,0
21,483,0
22,444,0
23,466,0
24,467,0
25,451,0
26,461,0
27,467,0
28,472,0
29,453,0
30,456,0
31,466,0
32,453,0
33,463,0
34,451,0
35,439,0
36,469,0
37,450,0
38,467,0
39,459,0
40,463,0
41,471,0
42,470,0
43,457,0
44,465,0
45,454,0
46,448,0
47,463,0
48,463,0
49,449,0
50,466,0
51,484,0
52,468,0
53,453,0
54,484,0
55,490,0
56,440,0
57,463,0
58,472,0
59,466,0
60,445,0
61,451,0
62,454,0
63,467,0
64,484,0
65,464,0
66,443,0
67,474,0
68,473,0
69,454,0
70,481,0
71,461,0
72,466,0
73,450,0
74,465,0
75,483,0
76,467,0
77,441,0
78,471,0
79,463,0
80,471,0
81,475,0
82,469,0
83,471,0
84,486,0
85,454,0
86,469,0
87,508,0
88,470,0
89,464,0
90,455,0
91,476,0
92,464,0
93,465,0
94,472,0
95,464,0
96,460,0
97,451,0
98,467,0
99,461,0
100,456,0
101,462,0
102,496,0
103,475,0
104,475,0
105,465,0
106,455,0
107,453,0
108,470,0
109,480,0
110,473,0
111,463,0
112,437,0
113,469,0
114,469,0
0,393,0
1,405,0
2,442,0
3,393,0
4,411,0
5,397,0
6,410,0
7,410,0
8,407,0
9,402,0
10,392,0
11,394,0
12,398,0
13,392,0
14,394,0
15,490,0
16,458,0
17,452,0
18,463,0
19,465,0
20,450,0
21,481,0
22,447,0
23,467,0
24,467,0
25,458,0
26,463,0
27,466,0
28,466,0
29,451,0
30,454,0
31,461,0
32,457,0
33,463,0
34,454,0
35,443,0
36,474,0
37,451,0
38,474,0
39,458,0
40,459,0
41,472,0
42,472,0
43,454,0
44,454,0
45,455,0
46,447,0
47,473,0
48,464,0
49,448,0
50,462,0
51,484,0
52,467,0
53,452,0
54,478,0
55,490,0
56,445,0
57,469,0
58,471,0
59,477,0
60,482,0
61,455,0
62,451,0
63,473,0
64,487,0
65,469,0
66,441,0
67,480,0
68,468,0
69,454,0
70,482,0
71,456,0
72,462,0
73,444,0
74,464,0
75,458,0
76,461,0
77,441,0
78,469,0
79,459,0
80,467,0
81,473,0
82,464,0
83,471,0
84,486,0
85,456,0
86,468,0
87,500,0
88,471,0
89,462,0
90,456,0
91,476,0
92,473,0
93,467,0
94,467,0
95,456,0
96,454,0
97,451,0
98,470,0
99,466,0
100,456,0
101,466,0
102,495,0
103,470,0
104,472,0
105,460,0
106,462,0
107,454,0
108,467,0
109,482,0
110,473,0
111,465,0
112,439,0
113,469,0
114,465,0
0,387,0
1,402,0
2,441,0
3,393,0
4,417,0
5,397,0
6,408,0
7,409,0
8,404,0
9,404,0
10,391,0
11,396,0
12,400,0
13,398,0
14,395,0
15,491,0
16,459,0
17,453,0
18,467,0
19,469,0
20,450,0
21,485,0
22,444,0
23,466,0
24,466,0
25,458,0
26,459,0
27,463,0
28,458,0
29,450,0
30,455,0
31,466,0
32,455,0
33,482,0
34,475,0
35,441,0
36,475,0
37,449,0
38,474,0
39,456,0
40,457,0
41,470,0
42,477,0
43,447,0
44,453,0
45,459,0
46,448,0
47,503,0
48,462,0
49,446,0
50,475,0
51,484,0
52,463,0
53,455,0
54,473,0
55,491,0
56,441,0
57,463,0
58,467,0
59,469,0
60,449,0
61,456,0
62,456,0
63,469,0
64,485,0
65,469,0
66,451,0
67,485,0
68,471,0
69,454,0
70,493,0
71,462,0
72,468,0
73,451,0
74,462,0
75,455,0
76,461,0
77,440,0
78,471,0
79,457,0
80,467,0
81,474,0
82,464,0
83,470,0
84,486,0
85,461,0
86,470,0
87,503,0
88,472,0
89,465,0
90,455,0
91,476,0
92,463,0
93,465,0
94,462,0
95,456,0
96,454,0
97,450,0
98,468,0
99,461,0
100,452,0
101,466,0
102,494,0
103,470,0
104,476,0
105,459,0
106,457,0
107,453,0
108,464,0
109,486,0
110,477,0
111,467,0
112,436,0
113,471,0
114,463,0
0,393,0
1,401,0
2,437,0
3,391,0
4,412,0
5,400,0
6,407,0
7,410,0
8,414,0
9,406,0
10,387,0
11,393,0
12,400,0
13,399,0
14,396,0
15,491,0
16,457,0
17,453,0
18,465,0
19,465,0
20,450,0
21,482,0
22,446,0
23,465,0
24,471,0
25,451,0
26,472,0
27,462,0
28,467,0
29,453,0
30,453,0
31,461,0
32,492,0
33,465,0
34,453,0
35,441,0
36,474,0
37,453,0
38,473,0
39,454,0
40,457,0
41,473,0
42,482,0
43,453,0
44,458,0
45,453,0
46,441,0
47,472,0
48,466,0
49,452,0
50,462,0
51,481,0
52,465,0
53,450,0
54,479,0
55,491,0
56,443,0
57,471,0
58,468,0
59,474,0
60,445,0
61,454,0
62,449,0
63,25369,0
64,646,0
65,466,0
66,447,0
67,480,0
68,469,0
69,451,0
70,478,0
71,459,0
72,466,0
73,451,0
74,466,0
75,465,0
76,464,0
77,445,0
78,468,0
79,457,0
80,472,0
81,467,0
82,469,0
83,473,0
84,486,0
85,453,0
86,465,0
87,496,0
88,471,0
89,466,0
90,457,0
91,473,0
92,466,0
93,464,0
94,468,0
95,461,0
96,460,0
97,451,0
98,468,0
99,462,0
100,450,0
101,464,0
102,503,0
103,472,0
104,469,0
105,458,0
106,459,0
107,449,0
108,468,0
109,480,0
110,475,0
111,463,0
112,432,0
113,466,0
114,462,0
0,392,0
1,396,0
2,434,0
3,389,0
4,414,0
5,399,0
6,408,0
7,408,0
8,410,0
9,410,0
10,388,0
11,394,0
12,397,0
13,426,0
14,393,0
15,488,0
16,459,0
17,463,0
18,465,0
19,466,0
20,445,0
21,480,0
22,445,0
23,465,0
24,472,0
25,457,0
26,465,0
27,468,0
28,466,0
29,451,0
30,452,0
31,462,0
32,454,0
33,464,0
34,451,0
35,449,0
36,472,0
37,453,0
38,475,0
39,458,0
40,454,0
41,468,0
42,477,0
43,456,0
44,462,0
45,455,0
46,444,0
47,469,0
48,467,0
49,449,0
50,463,0
51,494,0
52,471,0
53,447,0
54,478,0
55,496,0
56,441,0
57,465,0
58,473,0
59,468,0
60,447,0
61,454,0
62,450,0
63,469,0
64,479,0
65,464,0
66,437,0
67,478,0
68,475,0
69,454,0
70,485,0
71,453,0
72,466,0
73,449,0
74,461,0
75,455,0
76,465,0
77,438,0
78,469,0
79,456,0
80,472,0
81,475,0
82,458,0
83,472,0
84,482,0
85,453,0
86,464,0
87,490,0
88,469,0
89,462,0
90,453,0
91,476,0
92,462,0
93,466,0
94,462,0
95,462,0
96,455,0
97,451,0
98,473,0
99,463,0
100,450,0
101,465,0
102,499,0
103,472,0
104,470,0
105,465,0
106,458,0
107,451,0
108,468,0
109,479,0
110,474,0
111,468,0
112,440,0
113,473,0
114,467,0
0,393,0
1,402,0
2,426,0
3,390,0
4,410,0
5,405,0
6,429,0
7,407,0
8,408,0
9,402,0
10,389,0
11,393,0
12,399,0
13,398,0
14,396,0
15,491,0
16,459,0
17,455,0
18,460,0
19,471,0
20,448,0
21,478,0
22,442,0
23,466,0
24,471,0
25,457,0
26,457,0
27,466,0
28,464,0
29,448,0
30,459,0
31,465,0
32,457,0
33,468,0
34,455,0
35,439,0
36,477,0
37,452,0
38,472,0
39,456,0
40,453,0
41,469,0
42,465,0
43,455,0
44,462,0
45,457,0
46,450,0
47,467,0
48,464,0
49,449,0
50,466,0
51,485,0
52,467,0
53,460,0
54,476,0
55,497,0
56,438,0
57,465,0
58,470,0
59,474,0
60,447,0
61,454,0
62,458,0
63,472,0
64,480,0
65,467,0
66,443,0
67,484,0
68,476,0
69,449,0
70,483,0
71,462,0
72,470,0
73,450,0
74,468,0
75,456,0
76,469,0
77,439,0
78,467,0
79,454,0
80,471,0
81,469,0
82,460,0
83,472,0
84,488,0
85,460,0
86,466,0
87,492,0
88,470,0
89,459,0
90,454,0
91,473,0
92,462,0
93,462,0
94,461,0
95,460,0
96,454,0
97,451,0
98,464,0
99,457,0
100,448,0
101,468,0
102,500,0
103,472,0
104,474,0
105,463,0
106,455,0
107,449,0
108,494,0
109,481,0
110,474,0
111,464,0
112,433,0
113,473,0
114,465,0
0,387,0
1,404,0
2,422,0
3,390,0
4,413,0
5,400,0
6,395,0
7,409,0
8,409,0
9,400,0
10,391,0
11,394,0
12,398,0
13,395,0
14,399,0
15,490,0
16,463,0
17,451,0
18,463,0
19,471,0
20,451,0
21,483,0
22,500,0
23,460,0
24,466,0
25,453,0
26,457,0
27,462,0
28,460,0
29,456,0
30,456,0
31,467,0
32,457,0
33,467,0
34,454,0
35,438,0
36,472,0
37,452,0
38,468,0
39,456,0
40,454,0
41,476,0
42,472,0
43,456,0
44,459,0
45,455,0
46,443,0
47,466,0
48,461,0
49,449,0
50,466,0
51,480,0
52,1584,0
53,436,0
54,461,0
55,473,0
56,423,0
57,447,0
58,453,0
59,456,0
60,432,0
61,440,0
62,467,0
63,455,0
64,459,0
65,451,0
66,428,0
67,462,0
68,459,0
69,438,0
70,470,0
71,442,0
72,449,0
73,439,0
74,448,0
75,439,0
76,447,0
77,429,0
78,453,0
79,444,0
80,455,0
81,460,0
82,453,0
83,460,0
84,468,0
85,441,0
86,449,0
87,475,0
88,450,0
89,448,0
90,442,0
91,457,0
92,446,0
93,448,0
94,499,0
95,474,0
96,439,0
97,436,0
98,449,0
99,448,0
100,438,0
101,452,0
102,482,0
103,456,0
104,459,0
105,444,0
106,440,0
107,435,0
108,451,0
109,462,0
110,460,0
111,446,0
112,419,0
113,454,0
114,451,0
0,377,0
1,383,0
2,419,0
3,377,0
4,398,0
5,385,0
6,383,0
7,393,0
8,394,0
9,398,0
10,376,0
11,383,0
12,390,0
13,381,0
14,385,0
15,468,0
16,447,0
17,436,0
18,451,0
19,451,0
20,434,0
21,467,0
22,431,0
23,451,0
24,453,0
25,444,0
26,443,0
27,453,0
28,452,0
29,439,0
30,440,0
31,451,0
32,442,0
33,448,0
34,438,0
35,433,0
36,459,0
37,438,0
38,463,0
39,448,0
40,442,0
41,456,0
42,459,0
43,443,0
44,445,0
45,438,0
46,432,0
47,453,0
48,451,0
49,435,0
50,446,0
51,468,0
52,451,0
53,438,0
54,458,0
55,476,0
56,425,0
57,442,0
58,451,0
59,458,0
60,426,0
61,439,0
62,434,0
63,452,0
64,456,0
65,454,0
66,429,0
67,465,0
68,456,0
69,436,0
70,468,0
71,445,0
72,449,0
73,435,0
74,449,0
75,437,0
76,449,0
77,424,0
78,453,0
79,441,0
80,486,0
81,453,0
82,450,0
83,454,0
84,469,0
85,444,0
86,450,0
87,478,0
88,453,0
89,448,0
90,445,0
91,463,0
92,447,0
93,451,0
94,449,0
95,446,0
96,443,0
97,433,0
98,455,0
99,450,0
100,438,0
101,451,0
102,488,0
103,459,0
104,460,0
105,448,0
106,439,0
107,436,0
108,447,0
109,471,0
110,458,0
111,451,0
112,419,0
113,460,0
114,453,0
0,375,0
1,388,0
2,414,0
3,377,0
4,398,0
5,380,0
6,386,0
7,394,0
8,396,0
9,389,0
10,379,0
11,382,0
12,386,0
13,381,0
14,382,0
15,473,0
16,440,0
17,438,0
18,449,0
19,449,0
20,429,0
21,466,0
22,428,0
23,450,0
24,451,0
25,439,0
26,448,0
27,448,0
28,447,0
29,435,0
30,440,0
31,447,0
32,442,0
33,454,0
34,434,0
35,430,0
36,443,0
37,440,0
38,458,0
39,447,0
40,442,0
41,456,0
42,459,0
43,442,0
44,447,0
45,439,0
46,433,0
47,461,0
48,451,0
49,434,0
50,452,0
51,471,0
52,454,0
53,437,0
54,465,0
55,478,0
56,426,0
57,451,0
58,454,0
59,456,0
60,431,0
61,438,0
62,439,0
63,455,0
64,461,0
65,452,0
66,431,0
67,463,0
68,460,0
69,439,0
70,468,0
71,482,0
72,449,0
73,435,0
74,454,0
75,437,0
76,444,0
77,429,0
78,455,0
79,440,0
80,452,0
81,457,0
82,448,0
83,455,0
84,466,0
85,440,0
86,453,0
87,479,0
88,455,0
89,444,0
90,437,0
91,457,0
92,451,0
93,449,0
94,451,0
95,449,0
96,442,0
97,432,0
98,456,0
99,449,0
100,436,0
101,450,0
102,483,0
103,456,0
104,460,0
105,449,0
106,440,0
107,439,0
108,450,0
109,462,0
110,462,0
111,448,0
112,424,0
113,453,0
114,454,0
0,378,0
1,388,0
2,411,0
3,376,0
4,399,0
5,386,0
6,382,0
7,396,0
8,395,0
9,399,0
10,377,0
11,379,0
12,392,0
13,383,0
14,384,0
15,468,0
16,442,0
17,435,0
18,453,0
19,453,0
20,433,0
21,465,0
22,431,0
23,448,0
24,454,0
25,441,0
26,442,0
27,449,0
28,451,0
29,434,0
30,439,0
31,449,0
32,439,0
33,452,0
34,435,0
35,429,0
36,447,0
37,437,0
38,456,0
39,446,0
40,445,0
41,456,0
42,459,0
43,436,0
44,443,0
45,446,0
46,428,0
47,455,0
48,447,0
49,434,0
50,446,0
51,470,0
52,452,0
53,435,0
54,463,0
55,478,0
56,429,0
57,443,0
58,461,0
59,458,0
60,430,0
61,468,0
62,435,0
63,453,0
64,457,0
65,451,0
66,428,0
67,462,0
68,458,0
69,436,0
70,469,0
71,441,0
72,449,0
73,436,0
74,452,0
75,440,0
76,447,0
77,427,0
78,454,0
79,447,0
80,457,0
81,461,0
82,451,0
83,457,0
84,471,0
85,436,0
86,454,0
87,477,0
88,448,0
89,448,0
90,436,0
91,460,0
92,446,0
93,449,0
94,448,0
95,445,0
96,441,0
97,433,0
98,455,0
99,449,0
100,436,0
101,449,0
102,484,0
103,458,0
104,453,0
105,447,0
106,441,0
107,436,0
108,448,0
109,467,0
110,456,0
111,449,0
112,421,0
113,455,0
114,448,0
0,379,0
1,387,0
2,409,0
3,375,0
4,398,0
5,381,0
6,383,0
7,396,0
8,396,0
9,400,0
10,376,0
11,380,0
12,388,0
13,382,0
14,383,0
15,473,0
16,445,0
17,434,0
18,449,0
19,451,0
20,433,0
21,463,0
22,432,0
23,449,0
24,454,0
25,442,0
26,445,0
27,449,0
28,447,0
29,442,0
30,442,0
31,456,0
32,439,0
33,453,0
34,438,0
35,426,0
36,450,0
37,433,0
38,451,0
39,445,0
40,448,0
41,460,0
42,459,0
43,437,0
44,443,0
45,442,0
46,434,0
47,454,0
48,448,0
49,433,0
50,450,0
51,471,0
52,459,0
53,434,0
54,460,0
55,488,0
56,425,0
57,447,0
58,459,0
59,454,0
60,432,0
61,436,0
62,436,0
63,454,0
64,457,0
65,448,0
66,427,0
67,465,0
68,459,0
69,434,0
70,473,0
71,440,0
72,453,0
73,433,0
74,449,0
75,437,0
76,449,0
77,429,0
78,451,0
79,446,0
80,455,0
81,456,0
82,450,0
83,459,0
84,458,0
85,441,0
86,450,0
87,478,0
88,457,0
89,450,0
90,444,0
91,459,0
92,449,0
93,450,0
94,452,0
95,446,0
96,445,0
97,436,0
98,455,0
99,446,0
100,443,0
101,452,0
102,480,0
103,458,0
104,463,0
105,448,0
106,444,0
107,434,0
108,448,0
109,464,0
110,458,0
111,449,0
112,431,0
113,455,0
114,446,0
0,376,0
1,390,0
2,412,0
3,375,0
4,397,0
5,381,0
6,381,0
7,397,0
8,395,0
9,397,0
10,378,0
11,381,0
12,385,0
13,382,0
14,384,0
15,473,0
16,445,0
17,438,0
18,446,0
19,454,0
20,435,0
21,465,0
22,635,0
23,476,0
24,455,0
25,448,0
26,443,0
27,449,0
28,449,0
29,436,0
30,440,0
31,449,0
32,445,0
33,448,0
34,436,0
35,425,0
36,451,0
37,440,0
38,460,0
39,437,0
40,443,0
41,455,0
42,487,0
43,438,0
44,442,0
45,438,0
46,430,0
47,457,0
48,447,0
49,430,0
50,446,0
51,469,0
52,453,0
53,438,0
54,463,0
55,458,0
56,425,0
57,451,0
58,458,0
59,460,0
60,434,0
61,437,0
62,442,0
63,441,0
64,462,0
65,448,0
66,428,0
67,465,0
68,459,0
69,442,0
70,470,0
71,441,0
72,454,0
73,435,0
74,447,0
75,439,0
76,450,0
77,427,0
78,456,0
79,439,0
80,455,0
81,451,0
82,448,0
83,453,0
84,460,0
85,438,0
86,451,0
87,478,0
88,454,0
89,451,0
90,440,0
91,458,0
92,451,0
93,454,0
94,450,0
95,448,0
96,441,0
97,434,0
98,455,0
99,450,0
100,434,0
101,446,0
102,481,0
103,456,0
104,458,0
105,443,0
106,441,0
107,439,0
108,449,0
109,463,0
110,461,0
111,453,0
112,421,0
113,455,0
114,452,0
0,377,0
1,390,0
2,410,0
3,376,0
4,400,0
5,382,0
6,384,0
7,393,0
8,395,0
9,398,0
10,379,0
11,382,0
12,385,0
13,381,0
14,383,0
15,474,0
16,440,0
17,439,0
18,452,0
19,452,0
20,432,0
21,468,0
22,428,0
23,450,0
24,460,0
25,440,0
26,448,0
27,450,0
28,442,0
29,436,0
30,441,0
31,450,0
32,444,0
33,449,0
34,439,0
35,454,0
36,449,0
37,438,0
38,451,0
39,441,0
40,437,0
41,452,0
42,461,0
43,447,0
44,448,0
45,439,0
46,431,0
47,454,0
48,447,0
49,433,0
50,448,0
51,471,0
52,454,0
53,434,0
54,461,0
55,463,0
56,426,0
57,446,0
58,455,0
59,456,0
60,433,0
61,436,0
62,435,0
63,443,0
64,460,0
65,451,0
66,432,0
67,463,0
68,459,0
69,441,0
70,469,0
71,443,0
72,452,0
73,436,0
74,450,0
75,443,0
76,452,0
77,426,0
78,457,0
79,444,0
80,455,0
81,460,0
82,450,0
83,456,0
84,463,0
85,443,0
86,448,0
87,476,0
88,456,0
89,445,0
90,443,0
91,461,0
92,452,0
93,449,0
94,451,0
95,448,0
96,438,0
97,433,0
98,451,0
99,448,0
100,441,0
101,449,0
102,484,0
103,457,0
104,457,0
105,448,0
106,440,0
107,440,0
108,453,0
109,464,0
110,456,0
111,452,0
112,418,0
113,455,0
114,450,0
0,379,0
1,392,0
2,412,0
3,377,0
4,399,0
5,385,0
6,381,0
7,395,0
8,391,0
9,389,0
10,376,0
11,379,0
12,383,0
13,383,0
14,383,0
15,470,0
16,445,0
17,437,0
18,448,0
19,452,0
20,434,0
21,466,0
22,430,0
23,483,0
24,455,0
25,441,0
26,444,0
27,458,0
28,451,0
29,438,0
30,438,0
31,450,0
32,444,0
33,452,0
34,440,0
35,434,0
36,450,0
37,434,0
38,457,0
39,444,0
40,447,0
41,455,0
42,455,0
43,441,0
44,448,0
45,447,0
46,433,0
47,454,0
48,447,0
49,433,0
50,450,0
51,466,0
52,454,0
53,436,0
54,462,0
55,460,0
56,422,0
57,448,0
58,451,0
59,457,0
60,433,0
61,440,0
62,432,0
63,445,0
64,456,0
65,448,0
66,429,0
67,462,0
68,458,0
69,437,0
70,468,0
71,447,0
72,448,0
73,434,0
74,450,0
75,440,0
76,446,0
77,426,0
78,454,0
79,440,0
80,453,0
81,455,0
82,454,0
83,455,0
84,459,0
85,443,0
86,451,0
87,479,0
88,455,0
89,451,0
90,436,0
91,464,0
92,449,0
93,451,0
94,447,0
95,450,0
96,443,0
97,440,0
98,454,0
99,446,0
100,437,0
101,449,0
102,482,0
103,457,0
104,459,0
105,448,0
106,436,0
107,435,0
108,449,0
109,462,0
110,458,0
111,452,0
112,425,0
113,454,0
114,449,0
0,379,0
1,391,0
2,408,0
3,375,0
4,399,0
5,386,0
6,420,0
7,393,0
8,395,0
9,390,0
10,375,0
11,381,0
12,385,0
13,404,0
14,382,0
15,472,0
16,444,0
17,440,0
18,449,0
19,452,0
20,431,0
21,465,0
22,428,0
23,449,0
24,451,0
25,440,0
26,443,0
27,449,0
28,452,0
29,440,0
30,439,0
31,450,0
32,439,0
33,447,0
34,432,0
35,427,0
36,447,0
37,442,0
38,455,0
39,445,0
40,444,0
41,455,0
42,454,0
43,441,0
44,443,0
45,440,0
46,429,0
47,454,0
48,453,0
49,434,0
50,452,0
51,470,0
52,453,0
53,441,0
54,460,0
55,459,0
56,428,0
57,449,0
58,455,0
59,457,0
60,430,0
61,438,0
62,433,0
63,446,0
64,455,0
65,448,0
66,425,0
67,468,0
68,455,0
69,434,0
70,466,0
71,446,0
72,447,0
73,434,0
74,447,0
75,439,0
76,450,0
77,427,0
78,452,0
79,443,0
80,452,0
81,452,0
82,446,0
83,459,0
84,456,0
85,440,0
86,450,0
87,481,0
88,454,0
89,447,0
90,439,0
91,458,0
92,451,0
93,451,0
94,453,0
95,445,0
96,440,0
97,436,0
98,452,0
99,441,0
100,435,0
101,447,0
102,484,0
103,445,0
104,462,0
105,451,0
106,440,0
107,437,0
108,455,0
109,464,0
110,455,0
111,448,0
112,423,0
113,451,0
114,451,0
0,378,0
1,389,0
2,410,0
3,378,0
4,427,0
5,385,0
6,394,0
7,393,0
8,396,0
9,381,0
10,378,0
11,387,0
12,386,0
13,383,0
14,381,0
15,473,0
16,442,0
17,440,0
18,453,0
19,451,0
20,435,0
21,467,0
22,431,0
23,450,0
24,455,0
25,438,0
26,445,0
27,448,0
28,449,0
29,438,0
30,437,0
31,447,0
32,441,0
33,450,0
34,435,0
35,424,0
36,450,0
37,440,0
38,453,0
39,445,0
40,442,0
41,453,0
42,458,0
43,438,0
44,440,0
45,440,0
46,429,0
47,461,0
48,448,0
49,432,0
50,445,0
51,474,0
52,453,0
53,434,0
54,465,0
55,463,0
56,430,0
57,448,0
58,452,0
59,459,0
60,434,0
61,436,0
62,437,0
63,447,0
64,461,0
65,455,0
66,433,0
67,466,0
68,460,0
69,439,0
70,467,0
71,445,0
72,451,0
73,433,0
74,453,0
75,441,0
76,452,0
77,429,0
78,456,0
79,440,0
80,452,0
81,454,0
82,453,0
83,453,0
84,455,0
85,444,0
86,454,0
87,480,0
88,453,0
89,447,0
90,440,0
91,467,0
92,451,0
93,446,0
94,448,0
95,448,0
96,445,0
97,434,0
98,455,0
99,449,0
100,433,0
101,443,0
102,472,0
103,441,0
104,456,0
105,445,0
106,473,0
107,437,0
108,451,0
109,465,0
110,460,0
111,448,0
112,419,0
113,450,0
114,449,0
0,375,0
1,389,0
2,414,0
3,379,0
4,388,0
5,383,0
6,392,0
7,395,0
8,395,0
9,375,0
10,377,0
11,382,0
12,386,0
13,382,0
14,381,0
15,475,0
16,444,0
17,442,0
18,447,0
19,447,0
20,433,0
21,461,0
22,431,0
23,453,0
24,459,0
25,445,0
26,446,0
27,457,0
28,451,0
29,436,0
30,440,0
31,452,0
32,444,0
33,453,0
34,441,0
35,429,0
36,449,0
37,434,0
38,460,0
39,442,0
40,444,0
41,454,0
42,457,0
43,441,0
44,443,0
45,441,0
46,427,0
47,460,0
48,450,0
49,429,0
50,446,0
51,470,0
52,456,0
53,437,0
54,462,0
55,453,0
56,422,0
57,449,0
58,451,0
59,455,0
60,431,0
61,435,0
62,435,0
63,441,0
64,462,0
65,449,0
66,430,0
67,461,0
68,459,0
69,434,0
70,468,0
71,444,0
72,455,0
73,434,0
74,446,0
75,440,0
76,445,0
77,426,0
78,454,0
79,442,0
80,456,0
81,452,0
82,452,0
83,456,0
84,456,0
85,439,0
86,449,0
87,477,0
88,455,0
89,449,0
90,436,0
91,462,0
92,454,0
93,451,0
94,447,0
95,449,0
96,443,0
97,435,0
98,479,0
99,443,0
100,439,0
101,455,0
102,474,0
103,447,0
104,457,0
105,443,0
106,440,0
107,435,0
108,452,0
109,464,0
110,459,0
111,452,0
112,422,0
113,453,0
114,447,0
0,378,0
1,389,0
2,411,0
3,380,0
4,385,0
5,381,0
6,395,0
7,395,0
8,393,0
9,378,0
10,375,0
11,381,0
12,389,0
13,382,0
14,380,0
15,475,0
16,440,0
17,434,0
18,449,0
19,451,0
20,429,0
21,468,0
22,430,0
23,448,0
24,452,0
25,442,0
26,446,0
27,450,0
28,448,0
29,433,0
30,442,0
31,447,0
32,439,0
33,448,0
34,441,0
35,426,0
36,448,0
37,440,0
38,460,0
39,444,0
40,442,0
41,456,0
42,457,0
43,444,0
44,444,0
45,443,0
46,427,0
47,458,0
48,452,0
49,432,0
50,450,0
51,469,0
52,457,0
53,441,0
54,464,0
55,459,0
56,425,0
57,446,0
58,460,0
59,454,0
60,429,0
61,439,0
62,438,0
63,442,0
64,463,0
65,448,0
66,427,0
67,464,0
68,460,0
69,440,0
70,467,0
71,439,0
72,446,0
73,436,0
74,448,0
75,441,0
76,446,0
77,424,0
78,452,0
79,442,0
80,452,0
81,451,0
82,449,0
83,459,0
84,456,0
85,437,0
86,449,0
87,508,0
88,450,0
89,452,0
90,440,0
91,460,0
92,448,0
93,454,0
94,452,0
95,445,0
96,443,0
97,435,0
98,443,0
99,442,0
100,434,0
101,448,0
102,470,0
103,444,0
104,461,0
105,448,0
106,443,0
107,437,0
108,449,0
109,461,0
110,460,0
111,449,0
112,425,0
113,454,0
114,453,0
0,380,0
1,388,0
2,411,0
3,375,0
4,386,0
5,382,0
6,392,0
7,396,0
8,398,0
9,378,0
10,377,0
11,381,0
12,385,0
13,383,0
14,385,0
15,474,0
16,449,0
17,441,0
18,448,0
19,458,0
20,434,0
21,469,0
22,431,0
23,440,0
24,454,0
25,440,0
26,444,0
27,448,0
28,445,0
29,436,0
30,438,0
31,449,0
32,441,0
33,447,0
34,435,0
35,428,0
36,446,0
37,434,0
38,460,0
39,449,0
40,445,0
41,454,0
42,459,0
43,443,0
44,447,0
45,435,0
46,427,0
47,458,0
48,447,0
49,433,0
50,450,0
51,466,0
52,454,0
53,441,0
54,465,0
55,459,0
56,425,0
57,448,0
58,459,0
59,455,0
60,435,0
61,433,0
62,441,0
63,444,0
64,461,0
65,451,0
66,427,0
67,469,0
68,457,0
69,438,0
70,472,0
71,442,0
72,448,0
73,435,0
74,453,0
75,443,0
76,448,0
77,426,0
78,452,0
79,448,0
80,455,0
81,449,0
82,481,0
83,456,0
84,456,0
85,444,0
86,453,0
87,479,0
88,456,0
89,447,0
90,443,0
91,461,0
92,450,0
93,450,0
94,452,0
95,450,0
96,438,0
97,438,0
98,438,0
99,448,0
100,434,0
101,447,0
102,470,0
103,442,0
104,456,0
105,445,0
106,439,0
107,436,0
108,449,0
109,466,0
110,457,0
111,450,0
112,423,0
113,453,0
114,455,0
0,377,0
1,386,0
2,412,0
3,380,0
4,390,0
5,381,0
6,392,0
7,394,0
8,393,0
9,377,0
10,376,0
11,382,0
12,385,0
13,383,0
14,384,0
15,480,0
16,445,0
17,439,0
18,452,0
19,452,0
20,433,0
21,465,0
22,434,0
23,443,0
24,456,0
25,443,0
26,445,0
27,450,0
28,454,0
29,435,0
30,436,0
31,457,0
32,441,0
33,451,0
34,439,0
35,424,0
36,452,0
37,436,0
38,456,0
39,441,0
40,446,0
41,456,0
42,460,0
43,437,0
44,445,0
45,440,0
46,426,0
47,452,0
48,450,0
49,431,0
50,446,0
51,470,0
52,446,0
53,437,0
54,459,0
55,457,0
56,423,0
57,444,0
58,456,0
59,456,0
60,430,0
61,436,0
62,432,0
63,444,0
64,458,0
65,449,0
66,428,0
67,459,0
68,459,0
69,438,0
70,466,0
71,468,0
72,456,0
73,433,0
74,450,0
75,440,0
76,452,0
77,425,0
78,458,0
79,444,0
80,457,0
81,451,0
82,450,0
83,457,0
84,460,0
85,442,0
86,450,0
87,476,0
88,459,0
89,451,0
90,442,0
91,461,0
92,453,0
93,449,0
94,451,0
95,443,0
96,442,0
97,437,0
98,443,0
99,438,0
100,434,0
101,453,0
102,476,0
103,447,0
104,455,0
105,448,0
106,443,0
107,437,0
108,449,0
109,463,0
110,460,0
111,447,0
112,423,0
113,455,0
114,446,0
0,375,0
1,389,0
2,410,0
3,379,0
4,387,0
5,381,0
6,394,0
7,389,0
8,393,0
9,375,0
10,377,0
11,378,0
12,383,0
13,382,0
14,380,0
15,472,0
16,446,0
17,437,0
18,452,0
19,453,0
20,432,0
21,467,0
22,429,0
23,437,0
24,453,0
25,439,0
26,446,0
27,452,0
28,451,0
29,438,0
30,445,0
31,449,0
32,447,0
33,452,0
34,441,0
35,427,0
36,446,0
37,437,0
38,454,0
39,445,0
40,447,0
41,454,0
42,460,0
43,442,0
44,440,0
45,439,0
46,429,0
47,458,0
48,449,0
49,435,0
50,450,0
51,470,0
52,449,0
53,441,0
54,461,0
55,461,0
56,431,0
57,444,0
58,454,0
59,460,0
60,464,0
61,437,0
62,434,0
63,444,0
64,453,0
65,451,0
66,431,0
67,463,0
68,455,0
69,438,0
70,465,0
71,444,0
72,449,0
73,433,0
74,452,0
75,440,0
76,450,0
77,423,0
78,451,0
79,443,0
80,458,0
81,448,0
82,450,0
83,454,0
84,458,0
85,445,0
86,447,0
87,478,0
88,459,0
89,448,0
90,442,0
91,465,0
92,447,0
93,450,0
94,443,0
95,443,0
96,441,0
97,441,0
98,448,0
99,445,0
100,438,0
101,448,0
102,471,0
103,441,0
104,460,0
105,450,0
106,444,0
107,440,0
108,452,0
109,467,0
110,457,0
111,455,0
112,422,0
113,453,0
114,448,0
