sample_index,elapsed_ms,code
0,0.001767,0
1,0.001534,0
2,0.001365,0
3,0.001317,0
4,0.001298,0
5,0.001413,0
6,0.001298,0
7,0.001305,0
8,0.001217,0
9,0.00126,0
10,0.00117,0
11,0.001255,0
12,0.001187,0
13,0.00118,0
14,0.001193,0
15,0.00132,0
16,0.001342,0
17,0.001277,0
18,0.001304,0
19,0.001275,0
20,0.001312,0
21,0.00135,0
22,0.001338,0
23,0.001266,0
24,0.001292,0
25,0.00126,0
26,0.001318,0
27,0.001264,0
28,0.001337,0
29,0.001261,0
30,0.001311,0
31,0.00131,0
32,0.001306,0
33,0.001259,0
34,0.001261,0
35,0.001228,0
36,0.001302,0
37,0.00128,0
38,0.001328,0
39,0.001385,0
40,0.001281,0
41,0.001341,0
42,0.001294,0
43,0.001309,0
44,0.001328,0
45,0.001337,0
46,0.001286,0
47,0.00136,0
48,0.00128,0
49,0.001314,0
50,0.001384,0
51,0.001276,0
52,0.001275,0
53,0.00131,0
54,0.001264,0
55,0.001345,0
56,0.001242,0
57,0.001366,0
58,0.001278,0
59,0.001324,0
60,0.001234,0
61,0.001315,0
62,0.001338,0
63,0.001287,0
64,0.001289,0
65,0.001408,0
66,0.001223,0
67,0.001278,0
68,0.0013,0
69,0.00126,0
70,0.001247,0
71,0.001296,0
72,0.001262,0
73,0.001292,0
74,0.001221,0
75,0.001311,0
76,0.001273,0
77,0.001389,0
78,0.001272,0
79,0.001243,0
80,0.001283,0
81,0.001268,0
82,0.001289,0
83,0.001337,0
84,0.001352,0
85,0.001265,0
86,0.00135,0
87,0.001281,0
88,0.001292,0
89,0.001303,0
90,0.001378,0
91,0.001298,0
92,0.001236,0
93,0.001259,0
94,0.001281,0
95,0.001267,0
96,0.001262,0
97,0.001328,0
98,0.001283,0
99,0.001271,0
100,0.001264,0
101,0.001346,0
102,0.001269,0
103,0.001248,0
104,0.001271,0
105,0.001381,0
106,0.001336,0
107,0.001293,0
108,0.001259,0
109,0.001275,0
110,0.001301,0
111,0.00131,0
112,0.001276,0
113,0.001243,0
114,0.001265,0
0,0.001215,0
1,0.001275,0
2,0.001284,0
3,0.001229,0
4,0.001224,0
5,0.00129,0
6,0.001253,0
7,0.001222,0
8,0.001215,0
9,0.001175,0
10,0.001259,0
11,0.001231,0
12,0.001235,0
13,0.001187,0
14,0.001184,0
15,0.001292,0
16,0.001274,0
17,0.001362,0
18,0.001318,0
19,0.001282,0
20,0.001276,0
21,0.001346,0
22,0.001296,0
23,0.001279,0
24,0.001293,0
25,0.001305,0
26,0.00129,0
27,0.001317,0
28,0.001268,0
29,0.001291,0
30,0.001391,0
31,0.001303,0
32,0.001287,0
33,0.001286,0
34,0.001352,0
35,0.001305,0
36,0.001276,0
37,0.001292,0
38,0.001274,0
39,0.001268,0
40,0.001297,0
41,0.001332,0
42,0.001321,0
43,0.001276,0
44,0.001297,0
45,0.001325,0
46,0.001522,0
47,0.001305,0
48,0.001309,0
49,0.001305,0
50,0.001305,0
51,0.001404,0
52,0.001273,0
53,0.001273,0
54,0.001245,0
55,0.001378,0
56,0.001224,0
57,0.001282,0
58,0.001322,0
59,0.001262,0
60,0.001283,0
61,0.001291,0
62,0.001287,0
63,0.001298,0
64,0.0013,0
65,0.001287,0
66,0.001255,0
67,0.001277,0
68,0.001259,0
69,0.001311,0
70,0.001273,0
71,0.001344,0
72,0.001271,0
73,0.001294,0
74,0.001353,0
75,0.001329,0
76,0.001295,0
77,0.001272,0
78,0.001249,0
79,0.001264,0
80,0.001465,0
81,0.001275,0
82,0.001302,0
83,0.001301,0
84,0.001325,0
85,0.001294,0
86,0.001276,0
87,0.001316,0
88,0.001282,0
89,0.001304,0
90,0.001314,0
91,0.001338,0
92,0.001261,0
93,0.001301,0
94,0.001278,0
95,0.001264,0
96,0.001279,0
97,0.001299,0
98,0.001321,0
99,0.001321,0
100,0.001235,0
101,0.001332,0
102,0.00124,0
103,0.001274,0
104,0.001234,0
105,0.001297,0
106,0.001273,0
107,0.001268,0
108,0.001287,0
109,0.001291,0
110,0.001379,0
111,0.001297,0
112,0.001308,0
113,0.001252,0
114,0.001338,0
0,0.001235,0
1,0.001239,0
2,0.001286,0
3,0.001206,0
4,0.001209,0
5,0.001209,0
6,0.001207,0
7,0.001239,0
8,0.001203,0
9,0.001234,0
10,0.001174,0
11,0.001199,0
12,0.001175,0
13,0.001149,0
14,0.001222,0
15,0.001253,0
16,0.001371,0
17,0.001282,0
18,0.001257,0
19,0.001269,0
20,0.001301,0
21,0.001273,0
22,0.001257,0
23,0.001318,0
24,0.001294,0
25,0.001268,0
26,0.001302,0
27,0.001306,0
28,0.001292,0
29,0.001327,0
30,0.001283,0
31,0.001259,0
32,0.001294,0
33,0.001283,0
34,0.00127,0
35,0.001304,0
36,0.001253,0
37,0.001295,0
38,0.001241,0
39,0.001324,0
40,0.00128,0
41,0.001301,0
42,0.001312,0
43,0.001326,0
44,0.001264,0
45,0.001283,0
46,0.001243,0
47,0.001324,0
48,0.001266,0
49,0.001298,0
50,0.001277,0
51,0.001314,0
52,0.001254,0
53,0.001285,0
54,0.001315,0
55,0.001284,0
56,0.001268,0
57,0.001279,0
58,0.00133,0
59,0.001273,0
60,0.001265,0
61,0.001278,0
62,0.001258,0
63,0.001305,0
64,0.001377,0
65,0.001344,0
66,0.001485,0
67,0.001464,0
68,0.001321,0
69,0.001324,0
70,0.001263,0
71,0.001278,0
72,0.001312,0
73,0.001305,0
74,0.001251,0
75,0.001332,0
76,0.001257,0
77,0.00128,0
78,0.001306,0
79,0.001239,0
80,0.001268,0
81,0.001266,0
82,0.001316,0
83,0.001331,0
84,0.001303,0
85,0.00126,0
86,0.001289,0
87,0.001253,0
88,0.00124,0
89,0.017499,0
90,0.002509,0
91,0.001465,0
92,0.001298,0
93,0.001315,0
94,0.001328,0
95,0.001339,0
96,0.00136,0
97,0.001299,0
98,0.001428,0
99,0.001271,0
100,0.001307,0
101,0.001325,0
102,0.00129,0
103,0.001271,0
104,0.001336,0
105,0.0013,0
106,0.001328,0
107,0.001342,0
108,0.001386,0
109,0.001496,0
110,0.001289,0
111,0.00135,0
112,0.001357,0
113,0.001348,0
114,0.001339,0
0,0.001277,0
1,0.001274,0
2,0.001366,0
3,0.001242,0
4,0.001215,0
5,0.001289,0
6,0.001216,0
7,0.001332,0
8,0.00124,0
9,0.001207,0
10,0.001215,0
11,0.00119,0
12,0.001212,0
13,0.001247,0
14,0.017637,0
15,0.001541,0
16,0.001404,0
17,0.001314,0
18,0.001419,0
19,0.001298,0
20,0.001299,0
21,0.001389,0
22,0.001329,0
23,0.00132,0
24,0.001351,0
25,0.001289,0
26,0.001342,0
27,0.001283,0
28,0.001393,0
29,0.001304,0
30,0.001451,0
31,0.001337,0
32,0.001443,0
33,0.001327,0
34,0.001321,0
35,0.001342,0
36,0.001356,0
37,0.001337,0
38,0.001308,0
39,0.001335,0
40,0.001376,0
41,0.001366,0
42,0.001267,0
43,0.001423,0
44,0.001436,0
45,0.001316,0
46,0.001423,0
47,0.001314,0
48,0.001332,0
49,0.001304,0
50,0.001281,0
51,0.001379,0
52,0.001269,0
53,0.001263,0
54,0.001281,0
55,0.001335,0
56,0.001325,0
57,0.001304,0
58,0.001328,0
59,0.001435,0
60,0.00132,0
61,0.001335,0
62,0.001273,0
63,0.001282,0
64,0.001352,0
65,0.001247,0
66,0.001292,0
67,0.001345,0
68,0.001333,0
69,0.001288,0
70,0.001274,0
71,0.001338,0
72,0.00136,0
73,0.001308,0
74,0.001298,0
75,0.001335,0
76,0.001408,0
77,0.001335,0
78,0.001288,0
79,0.001328,0
80,0.001298,0
81,0.001375,0
82,0.001337,0
83,0.001385,0
84,0.001311,0
85,0.001338,0
86,0.001354,0
87,0.001354,0
88,0.001465,0
89,0.00134,0
90,0.001383,0
91,0.001357,0
92,0.001287,0
93,0.001294,0
94,0.001322,0
95,0.00129,0
96,0.001399,0
97,0.001332,0
98,0.001328,0
99,0.001297,0
100,0.001256,0
101,0.001401,0
102,0.001296,0
103,0.001329,0
104,0.001283,0
105,0.001343,0
106,0.001358,0
107,0.001325,0
108,0.00128,0
109,0.001315,0
110,0.001383,0
111,0.001296,0
112,0.001391,0
113,0.001389,0
114,0.001246,0
0,0.001265,0
1,0.001397,0
2,0.001404,0
3,0.001311,0
4,0.001248,0
5,0.001317,0
6,0.001267,0
7,0.00122,0
8,0.001209,0
9,0.001226,0
10,0.001256,0
11,0.001228,0
12,0.001337,0
13,0.001189,0
14,0.001238,0
15,0.001295,0
16,0.00154,0
17,0.001344,0
18,0.001301,0
19,0.001315,0
20,0.001363,0
21,0.001352,0
22,0.001374,0
23,0.00135,0
24,0.001387,0
25,0.001442,0
26,0.001384,0
27,0.001339,0
28,0.001333,0
29,0.001334,0
30,0.001415,0
31,0.001358,0
32,0.001339,0
33,0.001477,0
34,0.001296,0
35,0.001355,0
36,0.001361,0
37,0.001305,0
38,0.001346,0
39,0.001344,0
40,0.001302,0
41,0.001352,0
42,0.001455,0
43,0.001354,0
44,0.001393,0
45,0.001323,0
46,0.001304,0
47,0.001354,0
48,0.00133,0
49,0.001372,0
50,0.001314,0
51,0.001371,0
52,0.001297,0
53,0.001287,0
54,0.001279,0
55,0.001416,0
56,0.001528,0
57,0.001408,0
58,0.001388,0
59,0.001368,0
60,0.001299,0
61,0.001352,0
62,0.001392,0
63,0.001347,0
64,0.001318,0
65,0.001395,0
66,0.001286,0
67,0.001358,0
68,0.001375,0
69,0.001362,0
70,0.001457,0
71,0.001369,0
72,0.001339,0
73,0.001304,0
74,0.0013,0
75,0.001388,0
76,0.001303,0
77,0.001333,0
78,0.001371,0
79,0.001296,0
80,0.001346,0
81,0.001399,0
82,0.001457,0
83,0.001435,0
84,0.001327,0
85,0.001339,0
86,0.001301,0
87,0.001438,0
88,0.001287,0
89,0.00132,0
90,0.001357,0
91,0.001412,0
92,0.001363,0
93,0.001445,0
94,0.001516,0
95,0.001322,0
96,0.001427,0
97,0.001336,0
98,0.001339,0
99,0.001371,0
100,0.001358,0
101,0.001421,0
102,0.001356,0
103,0.001483,0
104,0.001329,0
105,0.001375,0
106,0.001414,0
107,0.001323,0
108,0.001392,0
109,0.001376,0
110,0.001409,0
111,0.00145,0
112,0.001376,0
113,0.001338,0
114,0.001397,0
0,0.00134,0
1,0.001341,0
2,0.00135,0
3,0.001276,0
4,0.001303,0
5,0.001258,0
6,0.001288,0
7,0.001268,0
8,0.001336,0
9,0.001219,0
10,0.001287,0
11,0.001262,0
12,0.001299,0
13,0.001233,0
14,0.001224,0
15,0.001341,0
16,0.00136,0
17,0.001345,0
18,0.001375,0
19,0.001484,0
20,0.001363,0
21,0.001367,0
22,0.001311,0
23,0.001252,0
24,0.001292,0
25,0.001348,0
26,0.001326,0
27,0.001391,0
28,0.001295,0
29,0.001323,0
30,0.001561,0
31,0.001449,0
32,0.001388,0
33,0.001488,0
34,0.00144,0
35,0.001376,0
36,0.001351,0
37,0.001301,0
38,0.001279,0
39,0.001299,0
40,0.001302,0
41,0.001341,0
42,0.001313,0
43,0.001269,0
44,0.001311,0
45,0.001345,0
46,0.001297,0
47,0.001346,0
48,0.001372,0
49,0.001308,0
50,0.0013,0
51,0.001414,0
52,0.001323,0
53,0.001399,0
54,0.001454,0
55,0.001386,0
56,0.00137,0
57,0.001339,0
58,0.001367,0
59,0.001349,0
60,0.00135,0
61,0.001291,0
62,0.001337,0
63,0.001409,0
64,0.001312,0
65,0.0013,0
66,0.001283,0
67,0.001435,0
68,0.001369,0
69,0.001325,0
70,0.00136,0
71,0.001365,0
72,0.001308,0
73,0.001346,0
74,0.00129,0
75,0.001365,0
76,0.001336,0
77,0.001313,0
78,0.001296,0
79,0.001281,0
80,0.001363,0
81,0.001304,0
82,0.001277,0
83,0.001325,0
84,0.001351,0
85,0.001397,0
86,0.001284,0
87,0.001484,0
88,0.001362,0
89,0.001324,0
90,0.001292,0
91,0.001301,0
92,0.0013,0
93,0.001335,0
94,0.001349,0
95,0.001403,0
96,0.001403,0
97,0.001319,0
98,0.001314,0
99,0.001287,0
100,0.001217,0
101,0.001404,0
102,0.001273,0
103,0.001328,0
104,0.001345,0
105,0.001384,0
106,0.001415,0
107,0.001348,0
108,0.001353,0
109,0.001423,0
110,0.001431,0
111,0.001337,0
112,0.00137,0
113,0.001346,0
114,0.001379,0
0,0.001249,0
1,0.001346,0
2,0.001295,0
3,0.00123,0
4,0.001307,0
5,0.001235,0
6,0.001244,0
7,0.001261,0
8,0.001217,0
9,0.001225,0
10,0.001206,0
11,0.001243,0
12,0.001305,0
13,0.001192,0
14,0.001314,0
15,0.001262,0
16,0.001361,0
17,0.00133,0
18,0.00136,0
19,0.001328,0
20,0.001328,0
21,0.001383,0
22,0.0013,0
23,0.001295,0
24,0.001481,0
25,0.001362,0
26,0.00146,0
27,0.001325,0
28,0.001353,0
29,0.001329,0
30,0.001349,0
31,0.00132,0
32,0.001357,0
33,0.001369,0
34,0.001363,0
35,0.001257,0
36,0.001392,0
37,0.001279,0
38,0.001404,0
39,0.001311,0
40,0.001258,0
41,0.00129,0
42,0.001297,0
43,0.001311,0
44,0.001342,0
45,0.001348,0
46,0.001268,0
47,0.001425,0
48,0.001298,0
49,0.001302,0
50,0.001296,0
51,0.001404,0
52,0.001276,0
53,0.001291,0
54,0.001425,0
55,0.001313,0
56,0.001281,0
57,0.001294,0
58,0.001349,0
59,0.001378,0
60,0.001406,0
61,0.001393,0
62,0.001367,0
63,0.00139,0
64,0.001386,0
65,0.001332,0
66,0.001283,0
67,0.00132,0
68,0.001287,0
69,0.001439,0
70,0.001349,0
71,0.001306,0
72,0.001401,0
73,0.001428,0
74,0.001296,0
75,0.001318,0
76,0.001293,0
77,0.001339,0
78,0.001274,0
79,0.001334,0
80,0.001322,0
81,0.001391,0
82,0.001306,0
83,0.001351,0
84,0.001311,0
85,0.001291,0
86,0.001331,0
87,0.001435,0
88,0.001302,0
89,0.001289,0
90,0.00137,0
91,0.001317,0
92,0.001334,0
93,0.00133,0
94,0.001316,0
95,0.00131,0
96,0.001282,0
97,0.001304,0
98,0.00133,0
99,0.001354,0
100,0.001287,0
101,0.001341,0
102,0.001289,0
103,0.001318,0
104,0.001442,0
105,0.001426,0
106,0.00138,0
107,0.001332,0
108,0.001397,0
109,0.001271,0
110,0.001338,0
111,0.001337,0
112,0.001343,0
113,0.001334,0
114,0.001278,0
0,0.001278,0
1,0.001368,0
2,0.001314,0
3,0.001279,0
4,0.001246,0
5,0.001246,0
6,0.001285,0
7,0.001276,0
8,0.001321,0
9,0.001266,0
10,0.001314,0
11,0.001314,0
12,0.001247,0
13,0.0012,0
14,0.001279,0
15,0.001444,0
16,0.001343,0
17,0.001318,0
18,0.001319,0
19,0.001331,0
20,0.001336,0
21,0.001391,0
22,0.001325,0
23,0.001303,0
24,0.001352,0
25,0.001331,0
26,0.001317,0
27,0.001328,0
28,0.001344,0
29,0.001386,0
30,0.001348,0
31,0.001473,0
32,0.001316,0
33,0.001312,0
34,0.001384,0
35,0.001333,0
36,0.001385,0
37,0.001367,0
38,0.001305,0
39,0.001416,0
40,0.001317,0
41,0.001331,0
42,0.001375,0
43,0.001323,0
44,0.001441,0
45,0.001357,0
46,0.001324,0
47,0.001321,0
48,0.001351,0
49,0.001418,0
50,0.00135,0
51,0.001325,0
52,0.00141,0
53,0.001336,0
54,0.001283,0
55,0.001451,0
56,0.001316,0
57,0.001317,0
58,0.001309,0
59,0.001298,0
60,0.001344,0
61,0.001278,0
62,0.001409,0
63,0.001288,0
64,0.001329,0
65,0.001321,0
66,0.001343,0
67,0.001342,0
68,0.001356,0
69,0.001323,0
70,0.001296,0
71,0.001315,0
72,0.001298,0
73,0.001403,0
74,0.001301,0
75,0.001384,0
76,0.001398,0
77,0.001298,0
78,0.001348,0
79,0.001317,0
80,0.001413,0
81,0.001288,0
82,0.001385,0
83,0.001317,0
84,0.001358,0
85,0.001371,0
86,0.001347,0
87,0.00136,0
88,0.001384,0
89,0.001388,0
90,0.001328,0
91,0.001285,0
92,0.001298,0
93,0.001434,0
94,0.001405,0
95,0.001336,0
96,0.001364,0
97,0.001332,0
98,0.001406,0
99,0.001373,0
100,0.001306,0
101,0.001376,0
102,0.001263,0
103,0.001312,0
104,0.001287,0
105,0.001337,0
106,0.001303,0
107,0.001497,0
108,0.001367,0
109,0.001273,0
110,0.001382,0
111,0.001406,0
112,0.001378,0
113,0.001259,0
114,0.001342,0
0,0.001449,0
1,0.001479,0
2,0.001344,0
3,0.001239,0
4,0.001273,0
5,0.001207,0
6,0.00129,0
7,0.001336,0
8,0.001259,0
9,0.001278,0
10,0.001275,0
11,0.001283,0
12,0.001248,0
13,0.001235,0
14,0.001208,0
15,0.001398,0
16,0.001351,0
17,0.001446,0
18,0.001392,0
19,0.001296,0
20,0.001307,0
21,0.001346,0
22,0.001307,0
23,0.001331,0
24,0.001286,0
25,0.001365,0
26,0.001295,0
27,0.001312,0
28,0.00134,0
29,0.001291,0
30,0.001372,0
31,0.001316,0
32,0.00138,0
33,0.001293,0
34,0.001304,0
35,0.001273,0
36,0.001328,0
37,0.001328,0
38,0.001281,0
39,0.00132,0
40,0.001308,0
41,0.00136,0
42,0.001298,0
43,0.001352,0
44,0.001354,0
45,0.001256,0
46,0.001257,0
47,0.001334,0
48,0.001332,0
49,0.001357,0
50,0.001387,0
51,0.001348,0
52,0.00132,0
53,0.001433,0
54,0.001289,0
55,0.001377,0
56,0.001305,0
57,0.001324,0
58,0.001298,0
59,0.001346,0
60,0.0013,0
61,0.001315,0
62,0.001322,0
63,0.001344,0
64,0.001384,0
65,0.001381,0
66,0.001317,0
67,0.001354,0
68,0.001371,0
69,0.001351,0
70,0.001292,0
71,0.001336,0
72,0.001332,0
73,0.001306,0
74,0.001291,0
75,0.001319,0
76,0.001311,0
77,0.001396,0
78,0.001284,0
79,0.001341,0
80,0.001325,0
81,0.001295,0
82,0.001314,0
83,0.0015,0
84,0.001314,0
85,0.001305,0
86,0.001343,0
87,0.018062,0
88,0.001914,0
89,0.001375,0
90,0.001396,0
91,0.001271,0
92,0.001241,0
93,0.001385,0
94,0.001321,0
95,0.001314,0
96,0.001327,0
97,0.001317,0
98,0.001327,0
99,0.001338,0
100,0.001334,0
101,0.00136,0
102,0.001271,0
103,0.001298,0
104,0.00129,0
105,0.001276,0
106,0.001251,0
107,0.001299,0
108,0.001287,0
109,0.001307,0
110,0.001305,0
111,0.001317,0
112,0.001319,0
113,0.001263,0
114,0.0013,0
0,0.001255,0
1,0.00126,0
2,0.001271,0
3,0.001233,0
4,0.001201,0
5,0.001214,0
6,0.001231,0
7,0.001279,0
8,0.001243,0
9,0.001185,0
10,0.001205,0
11,0.001214,0
12,0.00119,0
13,0.001184,0
14,0.00116,0
15,0.001333,0
16,0.001344,0
17,0.001283,0
18,0.001243,0
19,0.001244,0
20,0.001261,0
21,0.00131,0
22,0.001268,0
23,0.001271,0
24,0.001271,0
25,0.00128,0
26,0.001311,0
27,0.001256,0
28,0.001304,0
29,0.001224,0
30,0.00133,0
31,0.001288,0
32,0.001302,0
33,0.001242,0
34,0.001257,0
35,0.00128,0
36,0.001297,0
37,0.001281,0
38,0.001251,0
39,0.001258,0
40,0.001282,0
41,0.001295,0
42,0.001344,0
43,0.001303,0
44,0.001286,0
45,0.001283,0
46,0.001314,0
47,0.001293,0
48,0.001328,0
49,0.001318,0
50,0.001259,0
51,0.0013,0
52,0.001369,0
53,0.0013,0
54,0.001305,0
55,0.00128,0
56,0.001278,0
57,0.001351,0
58,0.001261,0
59,0.001362,0
60,0.001245,0
61,0.001286,0
62,0.001309,0
63,0.0013,0
64,0.001295,0
65,0.001345,0
66,0.001296,0
67,0.001272,0
68,0.00132,0
69,0.001272,0
70,0.001274,0
71,0.001275,0
72,0.001293,0
73,0.001318,0
74,0.001308,0
75,0.001415,0
76,0.001334,0
77,0.001308,0
78,0.001266,0
79,0.001331,0
80,0.001297,0
81,0.001311,0
82,0.001313,0
83,0.001301,0
84,0.001263,0
85,0.00133,0
86,0.001287,0
87,0.001353,0
88,0.001353,0
89,0.001314,0
90,0.001249,0
91,0.001304,0
92,0.001251,0
93,0.001344,0
94,0.001274,0
95,0.001308,0
96,0.001367,0
97,0.001289,0
98,0.001293,0
99,0.001285,0
100,0.001294,0
101,0.001335,0
102,0.00125,0
103,0.001253,0
104,0.001279,0
105,0.001318,0
106,0.001258,0
107,0.001292,0
108,0.001562,0
109,0.001333,0
110,0.001346,0
111,0.001318,0
112,0.001276,0
113,0.001315,0
114,0.001312,0
0,0.001253,0
1,0.001266,0
2,0.001255,0
3,0.001233,0
4,0.001208,0
5,0.001303,0
6,0.001256,0
7,0.001213,0
8,0.00122,0
9,0.001219,0
10,0.001245,0
11,0.001245,0
12,0.001213,0
13,0.001255,0
14,0.001233,0
15,0.001323,0
16,0.001468,0
17,0.001399,0
18,0.001279,0
19,0.001254,0
20,0.001296,0
21,0.001315,0
22,0.001292,0
23,0.001293,0
24,0.001257,0
25,0.001246,0
26,0.001273,0
27,0.001282,0
28,0.001304,0
29,0.001329,0
30,0.001343,0
31,0.001332,0
32,0.001319,0
33,0.001289,0
34,0.00125,0
35,0.001336,0
36,0.001305,0
37,0.001349,0
38,0.001324,0
39,0.001283,0
40,0.001296,0
41,0.001389,0
42,0.001259,0
43,0.001277,0
44,0.001334,0
45,0.001284,0
46,0.001284,0
47,0.00134,0
48,0.001274,0
49,0.001332,0
50,0.001301,0
51,0.001315,0
52,0.001277,0
53,0.001388,0
54,0.0013,0
55,0.001298,0
56,0.001246,0
57,0.001279,0
58,0.001292,0
59,0.001298,0
60,0.001274,0
61,0.001295,0
62,0.001288,0
63,0.001284,0
64,0.001309,0
65,0.001362,0
66,0.001297,0
67,0.001263,0
68,0.001297,0
69,0.001357,0
70,0.001259,0
71,0.001316,0
72,0.001312,0
73,0.001303,0
74,0.001304,0
75,0.001323,0
76,0.001256,0
77,0.001355,0
78,0.001256,0
79,0.001284,0
80,0.00132,0
81,0.001293,0
82,0.001256,0
83,0.00137,0
84,0.001302,0
85,0.001262,0
86,0.001372,0
87,0.001296,0
88,0.001275,0
89,0.001348,0
90,0.001269,0
91,0.001304,0
92,0.001377,0
93,0.001248,0
94,0.0013,0
95,0.001344,0
96,0.001264,0
97,0.001302,0
98,0.001329,0
99,0.001243,0
100,0.001223,0
101,0.001332,0
102,0.001284,0
103,0.001274,0
104,0.001267,0
105,0.001277,0
106,0.001281,0
107,0.001425,0
108,0.001285,0
109,0.001326,0
110,0.001277,0
111,0.001295,0
112,0.001246,0
113,0.001273,0
114,0.001243,0
0,0.001252,0
1,0.001299,0
2,0.001254,0
3,0.001262,0
4,0.001222,0
5,0.001206,0
6,0.001215,0
7,0.001238,0
8,0.001236,0
9,0.001254,0
10,0.001324,0
11,0.00121,0
12,0.001202,0
13,0.001217,0
14,0.001197,0
15,0.001288,0
16,0.001316,0
17,0.00137,0
18,0.001329,0
19,0.001282,0
20,0.001264,0
21,0.001303,0
22,0.001271,0
23,0.001263,0
24,0.001279,0
25,0.001312,0
26,0.001303,0
27,0.001283,0
28,0.001339,0
29,0.001266,0
30,0.001293,0
31,0.001309,0
32,0.001323,0
33,0.001266,0
34,0.001296,0
35,0.001245,0
36,0.001302,0
37,0.001304,0
38,0.001272,0
39,0.001333,0
40,0.001296,0
41,0.001335,0
42,0.001266,0
43,0.001304,0
44,0.001263,0
45,0.00127,0
46,0.001281,0
47,0.00133,0
48,0.001335,0
49,0.001286,0
50,0.001267,0
51,0.001306,0
52,0.001356,0
53,0.001297,0
54,0.001301,0
55,0.001357,0
56,0.001243,0
57,0.001292,0
58,0.001375,0
59,0.001293,0
60,0.001236,0
61,0.001284,0
62,0.001309,0
63,0.001267,0
64,0.001343,0
65,0.001334,0
66,0.001302,0
67,0.001279,0
68,0.00131,0
69,0.001287,0
70,0.001341,0
71,0.001298,0
72,0.001363,0
73,0.001284,0
74,0.001259,0
75,0.001303,0
76,0.001279,0
77,0.001312,0
78,0.001269,0
79,0.001315,0
80,0.001259,0
81,0.001295,0
82,0.001313,0
83,0.00127,0
84,0.001283,0
85,0.001302,0
86,0.001306,0
87,0.001301,0
88,0.001276,0
89,0.001359,0
90,0.001343,0
91,0.001364,0
92,0.001278,0
93,0.001297,0
94,0.001351,0
95,0.001347,0
96,0.001343,0
97,0.00132,0
98,0.001357,0
99,0.001282,0
100,0.001306,0
101,0.001344,0
102,0.00126,0
103,0.001383,0
104,0.001279,0
105,0.001304,0
106,0.001305,0
107,0.00154,0
108,0.001305,0
109,0.001288,0
110,0.001315,0
111,0.001254,0
112,0.001299,0
113,0.001305,0
114,0.001365,0
0,0.001273,0
1,0.001277,0
2,0.001268,0
3,0.00127,0
4,0.001247,0
5,0.001242,0
6,0.001276,0
7,0.001225,0
8,0.001198,0
9,0.001224,0
10,0.001266,0
11,0.001233,0
12,0.00122,0
13,0.001228,0
14,0.001226,0
15,0.001391,0
16,0.001349,0
17,0.001263,0
18,0.00137,0
19,0.001267,0
20,0.0013,0
21,0.00136,0
22,0.00133,0
23,0.001242,0
24,0.001317,0
25,0.001302,0
26,0.00129,0
27,0.001273,0
28,0.001285,0
29,0.001276,0
30,0.00141,0
31,0.001448,0
32,0.001324,0
33,0.001287,0
34,0.001302,0
35,0.001294,0
36,0.001313,0
37,0.001299,0
38,0.001404,0
39,0.001297,0
40,0.001308,0
41,0.001278,0
42,0.00131,0
43,0.001342,0
44,0.001289,0
45,0.001328,0
46,0.001307,0
47,0.001354,0
48,0.001359,0
49,0.001297,0
50,0.001433,0
51,0.001376,0
52,0.001243,0
53,0.001254,0
54,0.001387,0
55,0.001306,0
56,0.001249,0
57,0.001304,0
58,0.001355,0
59,0.001342,0
60,0.001305,0
61,0.001283,0
62,0.0013,0
63,0.00144,0
64,0.001264,0
65,0.001312,0
66,0.001295,0
67,0.001317,0
68,0.001276,0
69,0.001411,0
70,0.001259,0
71,0.00137,0
72,0.001369,0
73,0.001328,0
74,0.001243,0
75,0.001334,0
76,0.001274,0
77,0.001317,0
78,0.001294,0
79,0.00124,0
80,0.001291,0
81,0.001305,0
82,0.00128,0
83,0.0014,0
84,0.001431,0
85,0.00126,0
86,0.001338,0
87,0.001329,0
88,0.001348,0
89,0.001309,0
90,0.001318,0
91,0.001311,0
92,0.00128,0
93,0.001288,0
94,0.001282,0
95,0.001281,0
96,0.001308,0
97,0.001268,0
98,0.001364,0
99,0.001275,0
100,0.001259,0
101,0.001318,0
102,0.001321,0
103,0.001245,0
104,0.001257,0
105,0.001298,0
106,0.001277,0
107,0.001322,0
108,0.001319,0
109,0.001228,0
110,0.001337,0
111,0.001306,0
112,0.001312,0
113,0.001301,0
114,0.001518,0
0,0.001264,0
1,0.001241,0
2,0.001308,0
3,0.001234,0
4,0.001229,0
5,0.001238,0
6,0.001224,0
7,0.001212,0
8,0.001291,0
9,0.001189,0
10,0.001227,0
11,0.001269,0
12,0.001182,0
13,0.00118,0
14,0.001211,0
15,0.001281,0
16,0.001325,0
17,0.001354,0
18,0.001303,0
19,0.001309,0
20,0.001305,0
21,0.001287,0
22,0.001296,0
23,0.00132,0
24,0.001286,0
25,0.001314,0
26,0.001285,0
27,0.001261,0
28,0.001297,0
29,0.001301,0
30,0.001285,0
31,0.001258,0
32,0.001346,0
33,0.001297,0
34,0.00129,0
35,0.001337,0
36,0.0013,0
37,0.001294,0
38,0.001354,0
39,0.001297,0
40,0.001291,0
41,0.00136,0
42,0.001266,0
43,0.001255,0
44,0.00133,0
45,0.001247,0
46,0.001316,0
47,0.001321,0
48,0.001354,0
49,0.001317,0
50,0.001305,0
51,0.001342,0
52,0.001271,0
53,0.00128,0
54,0.001284,0
55,0.001357,0
56,0.001294,0
57,0.001315,0
58,0.001337,0
59,0.001351,0
60,0.001256,0
61,0.001286,0
62,0.001311,0
63,0.001278,0
64,0.001352,0
65,0.001305,0
66,0.001299,0
67,0.001287,0
68,0.001389,0
69,0.00127,0
70,0.00131,0
71,0.001332,0
72,0.001249,0
73,0.001269,0
74,0.001337,0
75,0.00134,0
76,0.001252,0
77,0.001361,0
78,0.001353,0
79,0.001255,0
80,0.001373,0
81,0.00127,0
82,0.001279,0
83,0.00131,0
84,0.001301,0
85,0.001343,0
86,0.00132,0
87,0.001299,0
88,0.001269,0
89,0.001305,0
90,0.001331,0
91,0.001276,0
92,0.001295,0
93,0.001266,0
94,0.001299,0
95,0.001381,0
96,0.001241,0
97,0.001272,0
98,0.001325,0
99,0.001289,0
100,0.001241,0
101,0.001314,0
102,0.001276,0
103,0.001303,0
104,0.001294,0
105,0.001329,0
106,0.001377,0
107,0.001366,0
108,0.001303,0
109,0.001255,0
110,0.001282,0
111,0.001426,0
112,0.001251,0
113,0.00132,0
114,0.001258,0
0,0.001271,0
1,0.001226,0
2,0.001235,0
3,0.001233,0
4,0.001235,0
5,0.001189,0
6,0.001172,0
7,0.001305,0
8,0.001172,0
9,0.001183,0
10,0.001204,0
11,0.0012,0
12,0.001388,0
13,0.001387,0
14,0.001198,0
15,0.001258,0
16,0.001334,0
17,0.001324,0
18,0.001347,0
19,0.001299,0
20,0.001307,0
21,0.001324,0
22,0.001282,0
23,0.001355,0
24,0.001341,0
25,0.001294,0
26,0.001266,0
27,0.001323,0
28,0.001286,0
29,0.001238,0
30,0.001349,0
31,0.001289,0
32,0.001339,0
33,0.001253,0
34,0.001278,0
35,0.001336,0
36,0.001277,0
37,0.00128,0
38,0.001267,0
39,0.00131,0
40,0.001365,0
41,0.001252,0
42,0.001301,0
43,0.001237,0
44,0.001301,0
45,0.001273,0
46,0.001289,0
47,0.001341,0
48,0.001306,0
49,0.001423,0
50,0.001243,0
51,0.00131,0
52,0.001489,0
53,0.00135,0
54,0.001285,0
55,0.00132,0
56,0.001255,0
57,0.001274,0
58,0.001353,0
59,0.001338,0
60,0.001282,0
61,0.001238,0
62,0.001358,0
63,0.001317,0
64,0.001294,0
65,0.001298,0
66,0.074799,0
67,0.002826,0
68,0.001532,0
69,0.00132,0
70,0.001344,0
71,0.001389,0
72,0.001308,0
73,0.001309,0
74,0.001238,0
75,0.001297,0
76,0.001317,0
77,0.001296,0
78,0.001297,0
79,0.001257,0
80,0.001299,0
81,0.001264,0
82,0.001268,0
83,0.001281,0
84,0.001298,0
85,0.001312,0
86,0.001311,0
87,0.001282,0
88,0.001255,0
89,0.0013,0
90,0.001285,0
91,0.00127,0
92,0.001259,0
93,0.022967,0
94,0.001462,0
95,0.001511,0
96,0.001285,0
97,0.001328,0
98,0.001358,0
99,0.001273,0
100,0.001233,0
101,0.00137,0
102,0.001304,0
103,0.001266,0
104,0.00127,0
105,0.001316,0
106,0.001279,0
107,0.001317,0
108,0.001302,0
109,0.001274,0
110,0.0013,0
111,0.001375,0
112,0.001262,0
113,0.001271,0
114,0.001338,0
0,0.001292,0
1,0.001238,0
2,0.001341,0
3,0.00121,0
4,0.001239,0
5,0.001186,0
6,0.001237,0
7,0.001287,0
8,0.001217,0
9,0.001176,0
10,0.001222,0
11,0.0013,0
12,0.001195,0
13,0.001151,0
14,0.001197,0
15,0.001248,0
16,0.001267,0
17,0.001247,0
18,0.001314,0
19,0.001262,0
20,0.001297,0
21,0.00132,0
22,0.001274,0
23,0.001276,0
24,0.001277,0
25,0.001325,0
26,0.001304,0
27,0.001267,0
28,0.001311,0
29,0.001253,0
30,0.001275,0
31,0.001238,0
32,0.001314,0
33,0.001309,0
34,0.00127,0
35,0.001321,0
36,0.001288,0
37,0.001276,0
38,0.001276,0
39,0.001257,0
40,0.001275,0
41,0.001271,0
42,0.001295,0
43,0.001265,0
44,0.001289,0
45,0.001285,0
46,0.001289,0
47,0.001335,0
48,0.001348,0
49,0.001289,0
50,0.001307,0
51,0.001316,0
52,0.001249,0
53,0.001254,0
54,0.001249,0
55,0.001321,0
56,0.001229,0
57,0.001286,0
58,0.001267,0
59,0.001281,0
60,0.001234,0
61,0.001246,0
62,0.00124,0
63,0.001307,0
64,0.001332,0
65,0.001296,0
66,0.001286,0
67,0.001264,0
68,0.001298,0
69,0.001278,0
70,0.001306,0
71,0.001294,0
72,0.001268,0
73,0.001265,0
74,0.001204,0
75,0.001271,0
76,0.001243,0
77,0.001288,0
78,0.00126,0
79,0.001251,0
80,0.001246,0
81,0.001364,0
82,0.001266,0
83,0.001283,0
84,0.001251,0
85,0.001278,0
86,0.001265,0
87,0.001277,0
88,0.001299,0
89,0.00136,0
90,0.001251,0
91,0.001264,0
92,0.001238,0
93,0.001405,0
94,0.00125,0
95,0.001274,0
96,0.001261,0
97,0.001283,0
98,0.001296,0
99,0.001242,0
100,0.001221,0
101,0.001312,0
102,0.001229,0
103,0.001277,0
104,0.001226,0
105,0.001311,0
106,0.001248,0
107,0.001291,0
108,0.001293,0
109,0.001232,0
110,0.001297,0
111,0.001275,0
112,0.001243,0
113,0.00128,0
114,0.001313,0
0,0.001242,0
1,0.001229,0
2,0.001254,0
3,0.001211,0
4,0.001247,0
5,0.001189,0
6,0.001267,0
7,0.001197,0
8,0.001217,0
9,0.001177,0
10,0.001168,0
11,0.001169,0
12,0.001211,0
13,0.001194,0
14,0.001169,0
15,0.001366,0
16,0.001275,0
17,0.001337,0
18,0.00126,0
19,0.001274,0
20,0.001245,0
21,0.001308,0
22,0.001289,0
23,0.001252,0
24,0.001245,0
25,0.001246,0
26,0.001302,0
27,0.001277,0
28,0.001346,0
29,0.001267,0
30,0.001261,0
31,0.001259,0
32,0.001297,0
33,0.001265,0
34,0.001283,0
35,0.00125,0
36,0.001319,0
37,0.001242,0
38,0.001251,0
39,0.001277,0
40,0.001306,0
41,0.001247,0
42,0.001272,0
43,0.001277,0
44,0.001253,0
45,0.001243,0
46,0.001253,0
47,0.001305,0
48,0.001279,0
49,0.001298,0
50,0.001237,0
51,0.001339,0
52,0.001268,0
53,0.001271,0
54,0.001252,0
55,0.001298,0
56,0.001219,0
57,0.001295,0
58,0.001257,0
59,0.001326,0
60,0.00125,0
61,0.001243,0
62,0.001254,0
63,0.001269,0
64,0.001308,0
65,0.001312,0
66,0.001275,0
67,0.00125,0
68,0.037227,0
69,0.002639,0
70,0.001446,0
71,0.001343,0
72,0.001335,0
73,0.001353,0
74,0.001316,0
75,0.001344,0
76,0.001311,0
77,0.001317,0
78,0.001288,0
79,0.001259,0
80,0.001278,0
81,0.00137,0
82,0.001298,0
83,0.001333,0
84,0.001379,0
85,0.001306,0
86,0.00127,0
87,0.001294,0
88,0.001267,0
89,0.001275,0
90,0.001269,0
91,0.001287,0
92,0.001257,0
93,0.001312,0
94,0.001279,0
95,0.001276,0
96,0.001303,0
97,0.00126,0
98,0.001315,0
99,0.001266,0
100,0.001238,0
101,0.001295,0
102,0.001249,0
103,0.001274,0
104,0.001268,0
105,0.001274,0
106,0.001298,0
107,0.001288,0
108,0.001254,0
109,0.0013,0
110,0.001274,0
111,0.001293,0
112,0.001273,0
113,0.001238,0
114,0.001255,0
0,0.00128,0
1,0.001246,0
2,0.001258,0
3,0.001205,0
4,0.001215,0
5,0.001203,0
6,0.001226,0
7,0.001268,0
8,0.001219,0
9,0.00121,0
10,0.001227,0
11,0.001218,0
12,0.001206,0
13,0.001206,0
14,0.00124,0
15,0.001309,0
16,0.001284,0
17,0.001312,0
18,0.001258,0
19,0.001289,0
20,0.001269,0
21,0.001381,0
22,0.001264,0
23,0.001274,0
24,0.001285,0
25,0.001339,0
26,0.001277,0
27,0.001276,0
28,0.001313,0
29,0.001277,0
30,0.001309,0
31,0.001273,0
32,0.001317,0
33,0.001273,0
34,0.001283,0
35,0.001338,0
36,0.001271,0
37,0.001286,0
38,0.001256,0
39,0.001298,0
40,0.001311,0
41,0.001252,0
42,0.001263,0
43,0.001252,0
44,0.001292,0
45,0.001233,0
46,0.001243,0
47,0.001298,0
48,0.001309,0
49,0.001309,0
50,0.001221,0
51,0.001266,0
52,0.001257,0
53,0.001276,0
54,0.001334,0
55,0.001306,0
56,0.00123,0
57,0.001312,0
58,0.001359,0
59,0.00127,0
60,0.001247,0
61,0.001244,0
62,0.001304,0
63,0.001264,0
64,0.001361,0
65,0.001296,0
66,0.001283,0
67,0.001361,0
68,0.001367,0
69,0.001308,0
70,0.001256,0
71,0.001275,0
72,0.001268,0
73,0.001318,0
74,0.001214,0
75,0.001293,0
76,0.001249,0
77,0.00129,0
78,0.00127,0
79,0.001237,0
80,0.001368,0
81,0.001412,0
82,0.001265,0
83,0.001305,0
84,0.001293,0
85,0.001257,0
86,0.001259,0
87,0.001299,0
88,0.001245,0
89,0.00131,0
90,0.001267,0
91,0.001287,0
92,0.001237,0
93,0.001247,0
94,0.001274,0
95,0.00126,0
96,0.00126,0
97,0.001264,0
98,0.001366,0
99,0.001247,0
100,0.001248,0
101,0.001297,0
102,0.001265,0
103,0.001252,0
104,0.001243,0
105,0.0013,0
106,0.001246,0
107,0.001366,0
108,0.001247,0
109,0.001304,0
110,0.001296,0
111,0.00128,0
112,0.001289,0
113,0.001273,0
114,0.001266,0
0,0.001215,0
1,0.001257,0
2,0.001275,0
3,0.001234,0
4,0.001248,0
5,0.001219,0
6,0.00122,0
7,0.001195,0
8,0.001205,0
9,0.001151,0
10,0.001336,0
11,0.001165,0
12,0.001197,0
13,0.001199,0
14,0.001196,0
15,0.001364,0
16,0.001265,0
17,0.001289,0
18,0.001273,0
19,0.00142,0
20,0.001292,0
21,0.001355,0
22,0.001381,0
23,0.001282,0
24,0.001263,0
25,0.001247,0
26,0.001321,0
27,0.001303,0
28,0.001286,0
29,0.001257,0
30,0.001318,0
31,0.001267,0
32,0.001308,0
33,0.001318,0
34,0.00136,0
35,0.001233,0
36,0.001285,0
37,0.001327,0
38,0.001286,0
39,0.001229,0
40,0.001272,0
41,0.001298,0
42,0.001256,0
43,0.001264,0
44,0.001249,0
45,0.00124,0
46,0.001286,0
47,0.001333,0
48,0.001336,0
49,0.001273,0
50,0.001281,0
51,0.001282,0
52,0.001248,0
53,0.001245,0
54,0.001261,0
55,0.001299,0
56,0.001286,0
57,0.001268,0
58,0.001294,0
59,0.001266,0
60,0.001277,0
61,0.001273,0
62,0.001246,0
63,0.001281,0
64,0.001267,0
65,0.001287,0
66,0.00127,0
67,0.001298,0
68,0.001276,0
69,0.001263,0
70,0.001268,0
71,0.001274,0
72,0.001301,0
73,0.00131,0
74,0.001243,0
75,0.001276,0
76,0.001337,0
77,0.001268,0
78,0.001306,0
79,0.001266,0
80,0.00126,0
81,0.001263,0
82,0.001273,0
83,0.001303,0
84,0.00125,0
85,0.001285,0
86,0.001266,0
87,0.001349,0
88,0.001291,0
89,0.001275,0
90,0.001363,0
91,0.001316,0
92,0.001316,0
93,0.001302,0
94,0.001281,0
95,0.0013,0
96,0.001266,0
97,0.001257,0
98,0.001262,0
99,0.001288,0
100,0.00125,0
101,0.001307,0
102,0.001372,0
103,0.001289,0
104,0.001248,0
105,0.001256,0
106,0.001263,0
107,0.001263,0
108,0.001237,0
109,0.001277,0
110,0.001263,0
111,0.00126,0
112,0.001307,0
113,0.001245,0
114,0.00125,0
0,0.001224,0
1,0.00129,0
2,0.001324,0
3,0.001242,0
4,0.001222,0
5,0.001174,0
6,0.001221,0
7,0.00125,0
8,0.001194,0
9,0.001232,0
10,0.001227,0
11,0.001207,0
12,0.001199,0
13,0.001235,0
14,0.001157,0
15,0.001261,0
16,0.00131,0
17,0.00133,0
18,0.001375,0
19,0.001322,0
20,0.001266,0
21,0.001335,0
22,0.001254,0
23,0.001242,0
24,0.001271,0
25,0.001261,0
26,0.001294,0
27,0.001265,0
28,0.001318,0
29,0.001291,0
30,0.001268,0
31,0.001252,0
32,0.00128,0
33,0.001292,0
34,0.001259,0
35,0.001265,0
36,0.001276,0
37,0.00128,0
38,0.001292,0
39,0.001259,0
40,0.001308,0
41,0.001305,0
42,0.001253,0
43,0.001239,0
44,0.001308,0
45,0.001252,0
46,0.001317,0
47,0.001335,0
48,0.001484,0
49,0.001274,0
50,0.001233,0
51,0.001258,0
52,0.001255,0
53,0.00133,0
54,0.001267,0
55,0.001319,0
56,0.00124,0
57,0.001289,0
58,0.001283,0
59,0.001282,0
60,0.001274,0
61,0.001325,0
62,0.001261,0
63,0.001294,0
64,0.001314,0
65,0.001314,0
66,0.001291,0
67,0.001296,0
68,0.001405,0
69,0.001279,0
70,0.001263,0
71,0.001338,0
72,0.001274,0
73,0.001312,0
74,0.001299,0
75,0.001295,0
76,0.001293,0
77,0.001263,0
78,0.001273,0
79,0.001258,0
80,0.001236,0
81,0.001367,0
82,0.001283,0
83,0.00131,0
84,0.001298,0
85,0.001257,0
86,0.001325,0
87,0.016568,0
88,0.002046,0
89,0.001477,0
90,0.001373,0
91,0.00131,0
92,0.001241,0
93,0.001319,0
94,0.001278,0
95,0.001327,0
96,0.001298,0
97,0.001269,0
98,0.001321,0
99,0.001368,0
100,0.001289,0
101,0.001401,0
102,0.001273,0
103,0.001309,0
104,0.001271,0
105,0.001344,0
106,0.001254,0
107,0.001382,0
108,0.00128,0
109,0.001306,0
110,0.001358,0
111,0.001328,0
112,0.001266,0
113,0.001295,0
114,0.001327,0
0,0.001243,0
1,0.001242,0
2,0.001278,0
3,0.001197,0
4,0.001199,0
5,0.001299,0
6,0.001248,0
7,0.001224,0
8,0.001192,0
9,0.001243,0
10,0.001383,0
11,0.001218,0
12,0.001257,0
13,0.001317,0
14,0.00119,0
15,0.001248,0
16,0.001327,0
17,0.001257,0
18,0.001273,0
19,0.001295,0
20,0.001297,0
21,0.001295,0
22,0.001289,0
23,0.001295,0
24,0.001303,0
25,0.001267,0
26,0.001279,0
27,0.001296,0
28,0.001281,0
29,0.001282,0
30,0.001294,0
31,0.001279,0
32,0.001327,0
33,0.001262,0
34,0.001298,0
35,0.001308,0
36,0.001284,0
37,0.001324,0
38,0.001373,0
39,0.001304,0
40,0.001461,0
41,0.001405,0
42,0.001268,0
43,0.001297,0
44,0.00129,0
45,0.001264,0
46,0.001282,0
47,0.001291,0
48,0.001305,0
49,0.001321,0
50,0.001278,0
51,0.001291,0
52,0.001306,0
53,0.001286,0
54,0.001314,0
55,0.001426,0
56,0.001335,0
57,0.001308,0
58,0.001277,0
59,0.001357,0
60,0.001253,0
61,0.001264,0
62,0.040932,0
63,0.002757,0
64,0.001451,0
65,0.001407,0
66,0.001326,0
67,0.00134,0
68,0.001293,0
69,0.00126,0
70,0.001297,0
71,0.001367,0
72,0.00138,0
73,0.001283,0
74,0.001241,0
75,0.00132,0
76,0.001295,0
77,0.001312,0
78,0.001284,0
79,0.00128,0
80,0.001256,0
81,0.001295,0
82,0.001349,0
83,0.001304,0
84,0.001287,0
85,0.001301,0
86,0.001264,0
87,0.001341,0
88,0.001251,0
89,0.001298,0
90,0.001332,0
91,0.001283,0
92,0.001223,0
93,0.001344,0
94,0.001253,0
95,0.001295,0
96,0.001266,0
97,0.001252,0
98,0.001317,0
99,0.001246,0
100,0.001289,0
101,0.0013,0
102,0.001281,0
103,0.001273,0
104,0.001315,0
105,0.001303,0
106,0.001364,0
107,0.001271,0
108,0.001286,0
109,0.0013,0
110,0.001298,0
111,0.001328,0
112,0.001276,0
113,0.001271,0
114,0.001286,0
0,0.001275,0
1,0.001266,0
2,0.001289,0
3,0.001248,0
4,0.001211,0
5,0.001225,0
6,0.001209,0
7,0.001255,0
8,0.001314,0
9,0.001281,0
10,0.001234,0
11,0.00122,0
12,0.001242,0
13,0.001171,0
14,0.001224,0
15,0.001317,0
16,0.001383,0
17,0.001276,0
18,0.001294,0
19,0.001244,0
20,0.001327,0
21,0.001322,0
22,0.0013,0
23,0.001283,0
24,0.00133,0
25,0.001289,0
26,0.001275,0
27,0.001282,0
28,0.001333,0
29,0.001277,0
30,0.00133,0
31,0.001301,0
32,0.001361,0
33,0.001259,0
34,0.001301,0
35,0.001249,0
36,0.00131,0
37,0.001251,0
38,0.001294,0
39,0.00125,0
40,0.001255,0
41,0.001263,0
42,0.001281,0
43,0.001277,0
44,0.001312,0
45,0.001225,0
46,0.00126,0
47,0.001299,0
48,0.001378,0
49,0.001571,0
50,0.001234,0
51,0.001324,0
52,0.001303,0
53,0.001345,0
54,0.001266,0
55,0.001447,0
56,0.00129,0
57,0.001342,0
58,0.001279,0
59,0.001293,0
60,0.001248,0
61,0.00124,0
62,0.001262,0
63,0.001347,0
64,0.001361,0
65,0.001297,0
66,0.001267,0
67,0.001289,0
68,0.001273,0
69,0.001286,0
70,0.001341,0
71,0.00131,0
72,0.001336,0
73,0.001273,0
74,0.001293,0
75,0.001263,0
76,0.001283,0
77,0.001271,0
78,0.001298,0
79,0.001299,0
80,0.001307,0
81,0.001274,0
82,0.001284,0
83,0.001249,0
84,0.001299,0
85,0.001263,0
86,0.00129,0
87,0.001269,0
88,0.001285,0
89,0.001268,0
90,0.001282,0
91,0.001264,0
92,0.001295,0
93,0.00132,0
94,0.001323,0
95,0.001303,0
96,0.001258,0
97,0.001277,0
98,0.001267,0
99,0.001268,0
100,0.001294,0
101,0.001334,0
102,0.001226,0
103,0.00129,0
104,0.001261,0
105,0.001332,0
106,0.001313,0
107,0.001329,0
108,0.001276,0
109,0.001249,0
110,0.001277,0
111,0.001279,0
112,0.001261,0
113,0.001267,0
114,0.001255,0
0,0.001248,0
1,0.001252,0
2,0.001303,0
3,0.00121,0
4,0.001237,0
5,0.001215,0
6,0.001203,0
7,0.001238,0
8,0.001223,0
9,0.001278,0
10,0.00123,0
11,0.001308,0
12,0.001221,0
13,0.001188,0
14,0.001169,0
15,0.001353,0
16,0.001335,0
17,0.001255,0
18,0.001284,0
19,0.001271,0
20,0.001328,0
21,0.001304,0
22,0.001281,0
23,0.001274,0
24,0.001301,0
25,0.001233,0
26,0.001306,0
27,0.001319,0
28,0.001276,0
29,0.001259,0
30,0.001281,0
31,0.001274,0
32,0.001327,0
33,0.001284,0
34,0.001257,0
35,0.001321,0
36,0.001285,0
37,0.001268,0
38,0.001286,0
39,0.001309,0
40,0.001274,0
41,0.001271,0
42,0.001273,0
43,0.001243,0
44,0.001297,0
45,0.001318,0
46,0.001242,0
47,0.001361,0
48,0.001287,0
49,0.001301,0
50,0.001241,0
51,0.001352,0
52,0.001261,0
53,0.001296,0
54,0.001305,0
55,0.001297,0
56,0.001257,0
57,0.001291,0
58,0.001259,0
59,0.001279,0
60,0.001224,0
61,0.001289,0
62,0.001227,0
63,0.001282,0
64,0.001297,0
65,0.001314,0
66,0.001294,0
67,0.001283,0
68,0.001281,0
69,0.001243,0
70,0.001285,0
71,0.001276,0
72,0.001305,0
73,0.001282,0
74,0.001316,0
75,0.001409,0
76,0.001276,0
77,0.001326,0
78,0.001285,0
79,0.00126,0
80,0.001282,0
81,0.001272,0
82,0.001263,0
83,0.001269,0
84,0.001313,0
85,0.001299,0
86,0.001257,0
87,0.001331,0
88,0.001311,0
89,0.001294,0
90,0.001251,0
91,0.001245,0
92,0.001279,0
93,0.001326,0
94,0.001274,0
95,0.001294,0
96,0.001306,0
97,0.001279,0
98,0.00133,0
99,0.00126,0
100,0.001242,0
101,0.001365,0
102,0.001244,0
103,0.001275,0
104,0.00124,0
105,0.0013,0
106,0.001267,0
107,0.001322,0
108,0.00126,0
109,0.001298,0
110,0.001283,0
111,0.001314,0
112,0.001254,0
113,0.001276,0
114,0.001239,0
0,0.001281,0
1,0.001285,0
2,0.001299,0
3,0.001203,0
4,0.001211,0
5,0.001201,0
6,0.001214,0
7,0.001217,0
8,0.001184,0
9,0.001184,0
10,0.001225,0
11,0.001205,0
12,0.001239,0
13,0.001151,0
14,0.00121,0
15,0.001296,0
16,0.001348,0
17,0.001304,0
18,0.001295,0
19,0.001248,0
20,0.001297,0
21,0.001355,0
22,0.001263,0
23,0.001282,0
24,0.001291,0
25,0.001272,0
26,0.0013,0
27,0.001258,0
28,0.001313,0
29,0.001271,0
30,0.001298,0
31,0.001251,0
32,0.001303,0
33,0.001327,0
34,0.001245,0
35,0.001282,0
36,0.001305,0
37,0.001253,0
38,0.001322,0
39,0.001342,0
40,0.001278,0
41,0.001285,0
42,0.001252,0
43,0.001364,0
44,0.00138,0
45,0.001275,0
46,0.00128,0
47,0.001331,0
48,0.001328,0
49,0.001261,0
50,0.001251,0
51,0.001304,0
52,0.001264,0
53,0.001255,0
54,0.001256,0
55,0.001352,0
56,0.001314,0
57,0.001274,0
58,0.001332,0
59,0.001302,0
60,0.001273,0
61,0.001326,0
62,0.001248,0
63,0.00128,0
64,0.001309,0
65,0.001351,0
66,0.001266,0
67,0.001274,0
68,0.00126,0
69,0.001266,0
70,0.001275,0
71,0.001287,0
72,0.001287,0
73,0.001274,0
74,0.001251,0
75,0.001329,0
76,0.001264,0
77,0.001251,0
78,0.001265,0
79,0.001342,0
80,0.001233,0
81,0.00129,0
82,0.001279,0
83,0.001301,0
84,0.001303,0
85,0.00128,0
86,0.001284,0
87,0.001364,0
88,0.001237,0
89,0.001292,0
90,0.001245,0
91,0.001254,0
92,0.001259,0
93,0.001279,0
94,0.00127,0
95,0.001286,0
96,0.001304,0
97,0.001263,0
98,0.001271,0
99,0.001264,0
100,0.001257,0
101,0.001317,0
102,0.001262,0
103,0.001294,0
104,0.001278,0
105,0.001285,0
106,0.001272,0
107,0.001282,0
108,0.001252,0
109,0.001239,0
110,0.001307,0
111,0.001288,0
112,0.001278,0
113,0.001242,0
114,0.001321,0
0,0.001238,0
1,0.001254,0
2,0.001239,0
3,0.001248,0
4,0.001199,0
5,0.001241,0
6,0.001213,0
7,0.001192,0
8,0.001203,0
9,0.001178,0
10,0.001181,0
11,0.001249,0
12,0.001178,0
13,0.001206,0
14,0.001189,0
15,0.001375,0
16,0.001485,0
17,0.001383,0
18,0.001298,0
19,0.001302,0
20,0.001259,0
21,0.0013,0
22,0.001298,0
23,0.001267,0
24,0.00129,0
25,0.001422,0
26,0.001337,0
27,0.001255,0
28,0.001307,0
29,0.001264,0
30,0.001324,0
31,0.001284,0
32,0.001358,0
33,0.001277,0
34,0.001324,0
35,0.001252,0
36,0.001337,0
37,0.00133,0
38,0.00129,0
39,0.001307,0
40,0.001269,0
41,0.001277,0
42,0.001407,0
43,0.001278,0
44,0.001283,0
45,0.001253,0
46,0.001254,0
47,0.001297,0
48,0.001307,0
49,0.00128,0
50,0.001348,0
51,0.001303,0
52,0.001348,0
53,0.00126,0
54,0.001257,0
55,0.001312,0
56,0.001207,0
57,0.001306,0
58,0.001328,0
59,0.001368,0
60,0.001245,0
61,0.001312,0
62,0.001251,0
63,0.001298,0
64,0.001319,0
65,0.001334,0
66,0.001265,0
67,0.00127,0
68,0.001288,0
69,0.00129,0
70,0.001258,0
71,0.001317,0
72,0.001312,0
73,0.001377,0
74,0.00125,0
75,0.001276,0
76,0.001288,0
77,0.001332,0
78,0.001294,0
79,0.001226,0
80,0.001276,0
81,0.001288,0
82,0.001289,0
83,0.001319,0
84,0.001268,0
85,0.001279,0
86,0.001275,0
87,0.001358,0
88,0.001279,0
89,0.00131,0
90,0.001331,0
91,0.001252,0
92,0.001234,0
93,0.001316,0
94,0.00126,0
95,0.001265,0
96,0.001269,0
97,0.001314,0
98,0.001274,0
99,0.001234,0
100,0.001257,0
101,0.001335,0
102,0.001235,0
103,0.001264,0
104,0.001243,0
105,0.001291,0
106,0.001266,0
107,0.001273,0
108,0.001399,0
109,0.001288,0
110,0.001297,0
111,0.001343,0
112,0.00135,0
113,0.001266,0
114,0.001305,0
0,0.001218,0
1,0.001226,0
2,0.00135,0
3,0.001211,0
4,0.001232,0
5,0.001169,0
6,0.00123,0
7,0.001184,0
8,0.001205,0
9,0.001209,0
10,0.001378,0
11,0.001218,0
12,0.001193,0
13,0.001194,0
14,0.001182,0
15,0.00131,0
16,0.001312,0
17,0.001309,0
18,0.001288,0
19,0.001315,0
20,0.001307,0
21,0.001344,0
22,0.001269,0
23,0.001252,0
24,0.001305,0
25,0.001306,0
26,0.001287,0
27,0.001268,0
28,0.00133,0
29,0.001272,0
30,0.001285,0
31,0.001322,0
32,0.00135,0
33,0.001252,0
34,0.001246,0
35,0.001253,0
36,0.001328,0
37,0.001381,0
38,0.001258,0
39,0.001298,0
40,0.001296,0
41,0.001291,0
42,0.001266,0
43,0.001333,0
44,0.016549,0
45,0.002507,0
46,0.00148,0
47,0.001386,0
48,0.001336,0
49,0.001284,0
50,0.001281,0
51,0.001305,0
52,0.001335,0
53,0.001335,0
54,0.001288,0
55,0.00131,0
56,0.001315,0
57,0.00131,0
58,0.001331,0
59,0.001321,0
60,0.001279,0
61,0.001319,0
62,0.001308,0
63,0.001286,0
64,0.001302,0
65,0.001286,0
66,0.001334,0
67,0.001253,0
68,0.001287,0
69,0.001365,0
70,0.001311,0
71,0.001272,0
72,0.001299,0
73,0.001278,0
74,0.001263,0
75,0.001288,0
76,0.001276,0
77,0.001283,0
78,0.001334,0
79,0.001251,0
80,0.001303,0
81,0.001295,0
82,0.001303,0
83,0.001278,0
84,0.001282,0
85,0.001274,0
86,0.001343,0
87,0.001297,0
88,0.001269,0
89,0.001378,0
90,0.001266,0
91,0.001299,0
92,0.001268,0
93,0.001272,0
94,0.00134,0
95,0.00128,0
96,0.001284,0
97,0.001283,0
98,0.001274,0
99,0.001305,0
100,0.00129,0
101,0.00133,0
102,0.001309,0
103,0.00131,0
104,0.00127,0
105,0.001307,0
106,0.001299,0
107,0.001282,0
108,0.001276,0
109,0.001285,0
110,0.001283,0
111,0.001276,0
112,0.001291,0
113,0.001296,0
114,0.001322,0
0,0.001228,0
1,0.001242,0
2,0.001266,0
3,0.001233,0
4,0.001208,0
5,0.00118,0
6,0.001232,0
7,0.00123,0
8,0.001196,0
9,0.001195,0
10,0.001219,0
11,0.001207,0
12,0.001227,0
13,0.001201,0
14,0.001188,0
15,0.001274,0
16,0.001296,0
17,0.001281,0
18,0.001262,0
19,0.001324,0
20,0.001286,0
21,0.001359,0
22,0.001276,0
23,0.00128,0
24,0.001289,0
25,0.001273,0
26,0.001333,0
27,0.001267,0
28,0.0013,0
29,0.001259,0
30,0.001329,0
31,0.001286,0
32,0.001328,0
33,0.001281,0
34,0.001342,0
35,0.001294,0
36,0.001305,0
37,0.001311,0
38,0.00128,0
39,0.00133,0
40,0.001285,0
41,0.001271,0
42,0.001294,0
43,0.001294,0
44,0.001314,0
45,0.001265,0
46,0.001272,0
47,0.001335,0
48,0.001326,0
49,0.001277,0
50,0.00126,0
51,0.001282,0
52,0.001291,0
53,0.001267,0
54,0.001306,0
55,0.001303,0
56,0.001263,0
57,0.001292,0
58,0.001316,0
59,0.001285,0
60,0.001296,0
61,0.001269,0
62,0.001259,0
63,0.001316,0
64,0.001335,0
65,0.001303,0
66,0.001276,0
67,0.001294,0
68,0.001276,0
69,0.001277,0
70,0.001295,0
71,0.001295,0
72,0.001309,0
73,0.001305,0
74,0.00125,0
75,0.0013,0
76,0.001307,0
77,0.001313,0
78,0.001279,0
79,0.001309,0
80,0.001289,0
81,0.001315,0
82,0.001295,0
83,0.001317,0
84,0.001303,0
85,0.001276,0
86,0.001272,0
87,0.001366,0
88,0.001273,0
89,0.0013,0
90,0.00128,0
91,0.001305,0
92,0.001266,0
93,0.001327,0
94,0.001272,0
95,0.001284,0
96,0.001274,0
97,0.001309,0
98,0.001302,0
99,0.001265,0
100,0.001286,0
101,0.001331,0
102,0.001289,0
103,0.001279,0
104,0.001272,0
105,0.001288,0
106,0.188363,0
107,0.001683,0
108,0.001474,0
109,0.001401,0
110,0.00131,0
111,0.001365,0
112,0.001333,0
113,0.001284,0
114,0.001351,0
0,0.001286,0
1,0.001206,0
2,0.001313,0
3,0.001304,0
4,0.00129,0
5,0.0013,0
6,0.001278,0
7,0.001328,0
8,0.00122,0
9,0.001334,0
10,0.001244,0
11,0.001225,0
12,0.001295,0
13,0.001208,0
14,0.001307,0
15,0.001278,0
16,0.001334,0
17,0.00133,0
18,0.001289,0
19,0.001414,0
20,0.001351,0
21,0.001517,0
22,0.001425,0
23,0.001395,0
24,0.001408,0
25,0.001327,0
26,0.001441,0
27,0.00145,0
28,0.001355,0
29,0.001377,0
30,0.001294,0
31,0.001306,0
32,0.001529,0
33,0.001299,0
34,0.001317,0
35,0.001287,0
36,0.001318,0
37,0.001292,0
38,0.001452,0
39,0.001341,0
40,0.001367,0
41,0.001443,0
42,0.00132,0
43,0.001418,0
44,0.001407,0
45,0.001273,0
46,0.001281,0
47,0.001376,0
48,0.001364,0
49,0.001327,0
50,0.001357,0
51,0.001346,0
52,0.001319,0
53,0.001277,0
54,0.001324,0
55,0.001326,0
56,0.001269,0
57,0.001284,0
58,0.00142,0
59,0.001308,0
60,0.001289,0
61,0.001331,0
62,0.001277,0
63,0.001393,0
64,0.001334,0
65,0.001336,0
66,0.001316,0
67,0.00143,0
68,0.001322,0
69,0.0013,0
70,0.001372,0
71,0.001382,0
72,0.001464,0
73,0.001337,0
74,0.00134,0
75,0.001421,0
76,0.001318,0
77,0.001394,0
78,0.001318,0
79,0.001333,0
80,0.001345,0
81,0.001318,0
82,0.001283,0
83,0.001433,0
84,0.001344,0
85,0.001372,0
86,0.001322,0
87,0.001285,0
88,0.001447,0
89,0.001303,0
90,0.001325,0
91,0.001324,0
92,0.001303,0
93,0.001321,0
94,0.001294,0
95,0.001335,0
96,0.001266,0
97,0.00133,0
98,0.001292,0
99,0.001342,0
100,0.001305,0
101,0.00136,0
102,0.001263,0
103,0.001331,0
104,0.001275,0
105,0.001428,0
106,0.001318,0
107,0.001297,0
108,0.001269,0
109,0.001339,0
110,0.001302,0
111,0.001335,0
112,0.001258,0
113,0.001551,0
114,0.001304,0
0,0.001283,0
1,0.001314,0
2,0.001351,0
3,0.001223,0
4,0.001265,0
5,0.001332,0
6,0.001346,0
7,0.001234,0
8,0.001226,0
9,0.001332,0
10,0.001278,0
11,0.001247,0
12,0.001268,0
13,0.001202,0
14,0.001234,0
15,0.001532,0
16,0.001384,0
17,0.001276,0
18,0.001362,0
19,0.001398,0
20,0.001323,0
21,0.00139,0
22,0.001312,0
23,0.001312,0
24,0.001287,0
25,0.001301,0
26,0.001362,0
27,0.001314,0
28,0.001385,0
29,0.001502,0
30,0.001285,0
31,0.001402,0
32,0.001395,0
33,0.001324,0
34,0.001325,0
35,0.001299,0
36,0.001334,0
37,0.001389,0
38,0.001413,0
39,0.001354,0
40,0.001445,0
41,0.001331,0
42,0.001317,0
43,0.001332,0
44,0.001344,0
45,0.001364,0
46,0.001337,0
47,0.001325,0
48,0.001391,0
49,0.001324,0
50,0.001424,0
51,0.001404,0
52,0.001312,0
53,0.001362,0
54,0.001424,0
55,0.001337,0
56,0.001286,0
57,0.001433,0
58,0.00138,0
59,0.001309,0
60,0.001315,0
61,0.001354,0
62,0.001443,0
63,0.001357,0
64,0.001388,0
65,0.001334,0
66,0.001373,0
67,0.0014,0
68,0.001342,0
69,0.001307,0
70,0.001323,0
71,0.001542,0
72,0.001551,0
73,0.001384,0
74,0.001331,0
75,0.001376,0
76,0.001336,0
77,0.001272,0
78,0.00132,0
79,0.00131,0
80,0.001306,0
81,0.001345,0
82,0.00129,0
83,0.001303,0
84,0.001365,0
85,0.001307,0
86,0.001321,0
87,0.001372,0
88,0.001305,0
89,0.001286,0
90,0.001371,0
91,0.001312,0
92,0.001289,0
93,0.001341,0
94,0.001269,0
95,0.001357,0
96,0.001337,0
97,0.001326,0
98,0.001513,0
99,0.001356,0
100,0.001314,0
101,0.001339,0
102,0.00138,0
103,0.001396,0
104,0.001364,0
105,0.001316,0
106,0.001368,0
107,0.00135,0
108,0.001308,0
109,0.001366,0
110,0.001283,0
111,0.001448,0
112,0.001384,0
113,0.001328,0
114,0.001553,0
0,0.001235,0
1,0.001345,0
2,0.001292,0
3,0.001207,0
4,0.001227,0
5,0.001189,0
6,0.001265,0
7,0.001218,0
8,0.001205,0
9,0.001246,0
10,0.001195,0
11,0.001221,0
12,0.001189,0
13,0.001239,0
14,0.001206,0
15,0.001309,0
16,0.001451,0
17,0.001291,0
18,0.001322,0
19,0.001365,0
20,0.00135,0
21,0.0014,0
22,0.001334,0
23,0.001288,0
24,0.001324,0
25,0.001257,0
26,0.001284,0
27,0.001283,0
28,0.001282,0
29,0.001323,0
30,0.001332,0
31,0.001267,0
32,0.001353,0
33,0.001293,0
34,0.001321,0
35,0.001276,0
36,0.001393,0
37,0.001301,0
38,0.001291,0
39,0.001313,0
40,0.001323,0
41,0.0013,0
42,0.001306,0
43,0.001276,0
44,0.001284,0
45,0.001316,0
46,0.001299,0
47,0.00133,0
48,0.001313,0
49,0.00127,0
50,0.001278,0
51,0.001317,0
52,0.001277,0
53,0.001317,0
54,0.001294,0
55,0.001317,0
56,0.001333,0
57,0.001307,0
58,0.001322,0
59,0.001285,0
60,0.006471,0
61,0.001448,0
62,0.00132,0
63,0.001363,0
64,0.001283,0
65,0.00132,0
66,0.001417,0
67,0.00142,0
68,0.001245,0
69,0.00129,0
70,0.001301,0
71,0.001325,0
72,0.001272,0
73,0.001264,0
74,0.001263,0
75,0.001283,0
76,0.001293,0
77,0.001315,0
78,0.001264,0
79,0.001238,0
80,0.00125,0
81,0.001259,0
82,0.001284,0
83,0.001296,0
84,0.001273,0
85,0.001276,0
86,0.001286,0
87,0.001315,0
88,0.001318,0
89,0.001287,0
90,0.001287,0
91,0.001299,0
92,0.001286,0
93,0.001315,0
94,0.001259,0
95,0.001318,0
96,0.001263,0
97,0.001285,0
98,0.001277,0
99,0.001283,0
100,0.001233,0
101,0.001338,0
102,0.001253,0
103,0.001278,0
104,0.001253,0
105,0.001292,0
106,0.001243,0
107,0.001277,0
108,0.001337,0
109,0.001245,0
110,0.001299,0
111,0.001376,0
112,0.001262,0
113,0.001305,0
114,0.001312,0
0,0.00122,0
1,0.016789,0
2,0.002174,0
3,0.001305,0
4,0.001253,0
5,0.001253,0
6,0.00118,0
7,0.001236,0
8,0.001227,0
9,0.001205,0
10,0.001191,0
11,0.001207,0
12,0.001189,0
13,0.001183,0
14,0.001186,0
15,0.001335,0
16,0.001329,0
17,0.144955,0
18,0.001649,0
19,0.001529,0
20,0.001337,0
21,0.001339,0
22,0.001349,0
23,0.001359,0
24,0.001313,0
25,0.001278,0
26,0.001288,0
27,0.001283,0
28,0.001313,0
29,0.00128,0
30,0.001266,0
31,0.001313,0
32,0.001318,0
33,0.001261,0
34,0.001399,0
35,0.001272,0
36,0.001516,0
37,0.001349,0
38,0.001263,0
39,0.001332,0
40,0.001312,0
41,0.001279,0
42,0.00141,0
43,0.001265,0
44,0.001339,0
45,0.001323,0
46,0.001253,0
47,0.001293,0
48,0.001321,0
49,0.001307,0
50,0.001263,0
51,0.001342,0
52,0.001282,0
53,0.001241,0
54,0.001368,0
55,0.001303,0
56,0.001281,0
57,0.001298,0
58,0.001307,0
59,0.001285,0
60,0.001269,0
61,0.001271,0
62,0.001252,0
63,0.001305,0
64,0.001298,0
65,0.001307,0
66,0.001261,0
67,0.001338,0
68,0.001335,0
69,0.001344,0
70,0.001305,0
71,0.0013,0
72,0.001339,0
73,0.001292,0
74,0.00126,0
75,0.00131,0
76,0.001277,0
77,0.001281,0
78,0.001258,0
79,0.001282,0
80,0.001264,0
81,0.001381,0
82,0.001271,0
83,0.001317,0
84,0.00128,0
85,0.001319,0
86,0.001296,0
87,0.001321,0
88,0.001282,0
89,0.001271,0
90,0.001364,0
91,0.001272,0
92,0.001278,0
93,0.001386,0
94,0.001259,0
95,0.001343,0
96,0.001346,0
97,0.001312,0
98,0.001276,0
99,0.001279,0
100,0.001216,0
101,0.001348,0
102,0.001272,0
103,0.001266,0
104,0.001258,0
105,0.001249,0
106,0.001291,0
107,0.001288,0
108,0.001343,0
109,0.00132,0
110,0.001306,0
111,0.001259,0
112,0.001268,0
113,0.001248,0
114,0.001273,0
0,0.001241,0
1,0.001254,0
2,0.001264,0
3,0.00128,0
4,0.001231,0
5,0.001222,0
6,0.001239,0
7,0.001251,0
8,0.001223,0
9,0.001203,0
10,0.001183,0
11,0.001217,0
12,0.001233,0
13,0.001173,0
14,0.001205,0
15,0.001324,0
16,0.001348,0
17,0.001298,0
18,0.001292,0
19,0.001262,0
20,0.001307,0
21,0.001347,0
22,0.001309,0
23,0.001326,0
24,0.001291,0
25,0.001267,0
26,0.001327,0
27,0.001348,0
28,0.001283,0
29,0.001265,0
30,0.001275,0
31,0.001331,0
32,0.001299,0
33,0.001302,0
34,0.001236,0
35,0.001242,0
36,0.001248,0
37,0.001313,0
38,0.001255,0
39,0.001283,0
40,0.00125,0
41,0.001265,0
42,0.001294,0
43,0.001209,0
44,0.001274,0
45,0.001261,0
46,0.00125,0
47,0.001374,0
48,0.001345,0
49,0.001286,0
50,0.001251,0
51,0.001253,0
52,0.001355,0
53,0.001275,0
54,0.001304,0
55,0.001265,0
56,0.001307,0
57,0.001335,0
58,0.001328,0
59,0.001331,0
60,0.001294,0
61,0.001304,0
62,0.001249,0
63,0.0013,0
64,0.001314,0
65,0.001337,0
66,0.00132,0
67,0.001332,0
68,0.001321,0
69,0.001258,0
70,0.001262,0
71,0.001269,0
72,0.001381,0
73,0.001283,0
74,0.001281,0
75,0.00132,0
76,0.001266,0
77,0.001299,0
78,0.00126,0
79,0.001285,0
80,0.00129,0
81,0.00131,0
82,0.00136,0
83,0.00131,0
84,0.001318,0
85,0.001266,0
86,0.001269,0
87,0.001343,0
88,0.001287,0
89,0.001335,0
90,0.001282,0
91,0.001251,0
92,0.001338,0
93,0.00129,0
94,0.001312,0
95,0.001322,0
96,0.00128,0
97,0.001318,0
98,0.001354,0
99,0.001271,0
100,0.001229,0
101,0.001353,0
102,0.001319,0
103,0.001277,0
104,0.001294,0
105,0.001345,0
106,0.001299,0
107,0.001297,0
108,0.001272,0
109,0.001282,0
110,0.001296,0
111,0.0013,0
112,0.001296,0
113,0.001294,0
114,0.001258,0
0,0.001275,0
1,0.001276,0
2,0.001365,0
3,0.001225,0
4,0.001237,0
5,0.001239,0
6,0.001228,0
7,0.001248,0
8,0.001185,0
9,0.001232,0
10,0.001239,0
11,0.00119,0
12,0.001177,0
13,0.00118,0
14,0.00126,0
15,0.001309,0
16,0.001331,0
17,0.001524,0
18,0.00139,0
19,0.001298,0
20,0.001344,0
21,0.001349,0
22,0.001297,0
23,0.001451,0
24,0.001421,0
25,0.001266,0
26,0.001284,0
27,0.00133,0
28,0.001393,0
29,0.001409,0
30,0.001318,0
31,0.001258,0
32,0.00133,0
33,0.001429,0
34,0.00134,0
35,0.001359,0
36,0.00136,0
37,0.001311,0
38,0.001317,0
39,0.001378,0
40,0.001332,0
41,0.001271,0
42,0.0013,0
43,0.001382,0
44,0.001432,0
45,0.001323,0
46,0.001253,0
47,0.001343,0
48,0.001303,0
49,0.001261,0
50,0.001262,0
51,0.001304,0
52,0.001299,0
53,0.00127,0
54,0.001359,0
55,0.00132,0
56,0.001254,0
57,0.001367,0
58,0.001347,0
59,0.001315,0
60,0.0013,0
61,0.001287,0
62,0.001329,0
63,0.001359,0
64,0.001276,0
65,0.001291,0
66,0.001368,0
67,0.001367,0
68,0.001303,0
69,0.001271,0
70,0.001323,0
71,0.001293,0
72,0.001381,0
73,0.001269,0
74,0.001303,0
75,0.001343,0
76,0.001302,0
77,0.001275,0
78,0.001366,0
79,0.001306,0
80,0.001352,0
81,0.001305,0
82,0.001312,0
83,0.001415,0
84,0.001334,0
85,0.001264,0
86,0.001338,0
87,0.001442,0
88,0.001352,0
89,0.001289,0
90,0.001376,0
91,0.00129,0
92,0.001303,0
93,0.001326,0
94,0.00132,0
95,0.001303,0
96,0.001348,0
97,0.00131,0
98,0.001286,0
99,0.00126,0
100,0.001282,0
101,0.001349,0
102,0.001282,0
103,0.001327,0
104,0.001324,0
105,0.001308,0
106,0.001288,0
107,0.001357,0
108,0.001311,0
109,0.001395,0
110,0.001335,0
111,0.001318,0
112,0.001408,0
113,0.001292,0
114,0.001355,0
0,0.001267,0
1,0.00123,0
2,0.001363,0
3,0.001257,0
4,0.001262,0
5,0.001316,0
6,0.00124,0
7,0.001276,0
8,0.001268,0
9,0.001232,0
10,0.001246,0
11,0.001267,0
12,0.001252,0
13,0.001233,0
14,0.001239,0
15,0.001359,0
16,0.001311,0
17,0.001377,0
18,0.00128,0
19,0.001393,0
20,0.001266,0
21,0.001331,0
22,0.001344,0
23,0.001264,0
24,0.00137,0
25,0.001302,0
26,0.0013,0
27,0.001285,0
28,0.001366,0
29,0.001348,0
30,0.001422,0
31,0.001267,0
32,0.00135,0
33,0.001303,0
34,0.001427,0
35,0.001297,0
36,0.001315,0
37,0.001293,0
38,0.001328,0
39,0.001343,0
40,0.00131,0
41,0.001372,0
42,0.001351,0
43,0.001312,0
44,0.00132,0
45,0.00127,0
46,0.001289,0
47,0.00132,0
48,0.001334,0
49,0.001353,0
50,0.001285,0
51,0.001342,0
52,0.001321,0
53,0.001315,0
54,0.001334,0
55,0.00134,0
56,0.001322,0
57,0.001354,0
58,0.001362,0
59,0.001276,0
60,0.00131,0
61,0.001305,0
62,0.001386,0
63,0.001305,0
64,0.001346,0
65,0.00144,0
66,0.001341,0
67,0.001369,0
68,0.001372,0
69,0.001372,0
70,0.001321,0
71,0.001474,0
72,0.001435,0
73,0.001326,0
74,0.001298,0
75,0.001325,0
76,0.00137,0
77,0.001296,0
78,0.001323,0
79,0.00136,0
80,0.001351,0
81,0.001419,0
82,0.001385,0
83,0.001304,0
84,0.001374,0
85,0.001275,0
86,0.001315,0
87,0.001405,0
88,0.001393,0
89,0.001315,0
90,0.001286,0
91,0.001401,0
92,0.001276,0
93,0.001376,0
94,0.001351,0
95,0.001399,0
96,0.001365,0
97,0.001281,0
98,0.001455,0
99,0.0013,0
100,0.001323,0
101,0.001323,0
102,0.001341,0
103,0.001276,0
104,0.001312,0
105,0.00126,0
106,0.001403,0
107,0.00136,0
108,0.001287,0
109,0.001296,0
110,0.001347,0
111,0.001314,0
112,0.001294,0
113,0.001335,0
114,0.001305,0
0,0.001241,0
1,0.00126,0
2,0.001326,0
3,0.001243,0
4,0.00136,0
5,0.001252,0
6,0.001238,0
7,0.001324,0
8,0.001372,0
9,0.001217,0
10,0.00129,0
11,0.001217,0
12,0.001281,0
13,0.001185,0
14,0.001371,0
15,0.00133,0
16,0.001313,0
17,0.001462,0
18,0.001366,0
19,0.001321,0
20,0.001317,0
21,0.001333,0
22,0.001328,0
23,0.001286,0
24,0.001331,0
25,0.001265,0
26,0.001373,0
27,0.001454,0
28,0.001381,0
29,0.001427,0
30,0.00132,0
31,0.001295,0
32,0.001355,0
33,0.001318,0
34,0.001297,0
35,0.001244,0
36,0.001306,0
37,0.001313,0
38,0.001292,0
39,0.001407,0
40,0.001448,0
41,0.001352,0
42,0.00146,0
43,0.001307,0
44,0.001358,0
45,0.001275,0
46,0.001311,0
47,0.001471,0
48,0.001311,0
49,0.001285,0
50,0.001336,0
51,0.001309,0
52,0.001389,0
53,0.001277,0
54,0.001309,0
55,0.001383,0
56,0.001354,0
57,0.001379,0
58,0.001313,0
59,0.001273,0
60,0.001289,0
61,0.001303,0
62,0.001372,0
63,0.001373,0
64,0.001362,0
65,0.001335,0
66,0.001308,0
67,0.00133,0
68,0.001317,0
69,0.001299,0
70,0.001332,0
71,0.001354,0
72,0.001363,0
73,0.00134,0
74,0.001402,0
75,0.001271,0
76,0.001374,0
77,0.001332,0
78,0.001353,0
79,0.001331,0
80,0.001291,0
81,0.001345,0
82,0.001333,0
83,0.001317,0
84,0.001324,0
85,0.001307,0
86,0.001351,0
87,0.001318,0
88,0.001365,0
89,0.001296,0
90,0.001447,0
91,0.001256,0
92,0.00132,0
93,0.001356,0
94,0.001348,0
95,0.001346,0
96,0.001276,0
97,0.001324,0
98,0.001319,0
99,0.001293,0
100,0.001277,0
101,0.001528,0
102,0.001401,0
103,0.001273,0
104,0.001404,0
105,0.020483,0
106,0.001527,0
107,0.001336,0
108,0.00147,0
109,0.00131,0
110,0.00138,0
111,0.001319,0
112,0.001313,0
113,0.001329,0
114,0.001337,0
0,0.001292,0
1,0.001323,0
2,0.001311,0
3,0.001303,0
4,0.001236,0
5,0.001243,0
6,0.001314,0
7,0.001312,0
8,0.00133,0
9,0.001234,0
10,0.001269,0
11,0.001186,0
12,0.001229,0
13,0.00121,0
14,0.001159,0
15,0.001365,0
16,0.001332,0
17,0.001297,0
18,0.001358,0
19,0.001325,0
20,0.001327,0
21,0.001434,0
22,0.001279,0
23,0.001379,0
24,0.001437,0
25,0.001288,0
26,0.001285,0
27,0.001298,0
28,0.001305,0
29,0.001308,0
30,0.001318,0
31,0.001276,0
32,0.001362,0
33,0.001326,0
34,0.00132,0
35,0.001293,0
36,0.001362,0
37,0.001291,0
38,0.00129,0
39,0.001305,0
40,0.00131,0
41,0.001284,0
42,0.001351,0
43,0.001283,0
44,0.001293,0
45,0.001311,0
46,0.00132,0
47,0.001346,0
48,0.00133,0
49,0.001326,0
50,0.001265,0
51,0.001298,0
52,0.001318,0
53,0.001261,0
54,0.022042,0
55,0.002161,0
56,0.001432,0
57,0.001417,0
58,0.001537,0
59,0.001299,0
60,0.001332,0
61,0.001347,0
62,0.001249,0
63,0.001307,0
64,0.001311,0
65,0.001346,0
66,0.001286,0
67,0.00131,0
68,0.001392,0
69,0.001282,0
70,0.001289,0
71,0.001362,0
72,0.001357,0
73,0.001329,0
74,0.001269,0
75,0.001332,0
76,0.001291,0
77,0.001421,0
78,0.001414,0
79,0.001282,0
80,0.001275,0
81,0.001316,0
82,0.001337,0
83,0.001291,0
84,0.001299,0
85,0.001371,0
86,0.001268,0
87,0.001448,0
88,0.001446,0
89,0.001428,0
90,0.001293,0
91,0.001245,0
92,0.001339,0
93,0.001352,0
94,0.001362,0
95,0.001309,0
96,0.001299,0
97,0.001366,0
98,0.001331,0
99,0.001361,0
100,0.001337,0
101,0.001396,0
102,0.001312,0
103,0.001254,0
104,0.001309,0
105,0.001341,0
106,0.00131,0
107,0.00139,0
108,0.001259,0
109,0.001358,0
110,0.00131,0
111,0.00134,0
112,0.001271,0
113,0.001259,0
114,0.001352,0
0,0.001255,0
1,0.001267,0
2,0.001418,0
3,0.001234,0
4,0.001285,0
5,0.001281,0
6,0.001212,0
7,0.0012,0
8,0.001217,0
9,0.001195,0
10,0.001197,0
11,0.001186,0
12,0.001254,0
13,0.001152,0
14,0.00121,0
15,0.00132,0
16,0.001319,0
17,0.001384,0
18,0.001342,0
19,0.001563,0
20,0.001303,0
21,0.001382,0
22,0.001296,0
23,0.001284,0
24,0.001347,0
25,0.001397,0
26,0.001357,0
27,0.001376,0
28,0.001292,0
29,0.001304,0
30,0.001385,0
31,0.001299,0
32,0.001381,0
33,0.001331,0
34,0.001302,0
35,0.001309,0
36,0.00136,0
37,0.0013,0
38,0.001313,0
39,0.001523,0
40,0.001355,0
41,0.001281,0
42,0.001237,0
43,0.00126,0
44,0.001332,0
45,0.001304,0
46,0.001298,0
47,0.001471,0
48,0.001269,0
49,0.001281,0
50,0.001258,0
51,0.001298,0
52,0.001356,0
53,0.001298,0
54,0.001341,0
55,0.001411,0
56,0.001293,0
57,0.001281,0
58,0.001322,0
59,0.001381,0
60,0.001319,0
61,0.001311,0
62,0.001297,0
63,0.001358,0
64,0.001377,0
65,0.001352,0
66,0.001325,0
67,0.001284,0
68,0.001353,0
69,0.001275,0
70,0.001283,0
71,0.001482,0
72,0.001323,0
73,0.001343,0
74,0.001297,0
75,0.00132,0
76,0.001341,0
77,0.00132,0
78,0.001301,0
79,0.001272,0
80,0.001287,0
81,0.001342,0
82,0.001281,0
83,0.00128,0
84,0.001302,0
85,0.001273,0
86,0.001391,0
87,0.001273,0
88,0.001329,0
89,0.001278,0
90,0.001306,0
91,0.001267,0
92,0.001272,0
93,0.00131,0
94,0.001298,0
95,0.001287,0
96,0.001326,0
97,0.001292,0
98,0.00131,0
99,0.001291,0
100,0.001238,0
101,0.001328,0
102,0.00127,0
103,0.001304,0
104,0.001283,0
105,0.001279,0
106,0.001286,0
107,0.001375,0
108,0.001266,0
109,0.001301,0
110,0.001335,0
111,0.001326,0
112,0.001266,0
113,0.001344,0
114,0.001322,0
0,0.001252,0
1,0.001275,0
2,0.001354,0
3,0.001294,0
4,0.001295,0
5,0.001289,0
6,0.001269,0
7,0.001279,0
8,0.001222,0
9,0.001225,0
10,0.001187,0
11,0.001257,0
12,0.001237,0
13,0.001239,0
14,0.001193,0
15,0.00137,0
16,0.001321,0
17,0.001377,0
18,0.001249,0
19,0.001314,0
20,0.001294,0
21,0.001446,0
22,0.001297,0
23,0.001273,0
24,0.046141,0
25,0.002641,0
26,0.001479,0
27,0.00134,0
28,0.001265,0
29,0.001317,0
30,0.0013,0
31,0.001261,0
32,0.001313,0
33,0.001309,0
34,0.001266,0
35,0.001246,0
36,0.001291,0
37,0.001263,0
38,0.001271,0
39,0.001289,0
40,0.001271,0
41,0.001308,0
42,0.001268,0
43,0.001259,0
44,0.001325,0
45,0.001253,0
46,0.001249,0
47,0.001319,0
48,0.001268,0
49,0.001301,0
50,0.001271,0
51,0.001338,0
52,0.001294,0
53,0.001302,0
54,0.001271,0
55,0.001319,0
56,0.001252,0
57,0.001277,0
58,0.001355,0
59,0.001301,0
60,0.001266,0
61,0.001284,0
62,0.001249,0
63,0.001301,0
64,0.00133,0
65,0.001287,0
66,0.001248,0
67,0.001266,0
68,0.001318,0
69,0.001261,0
70,0.001256,0
71,0.001304,0
72,0.001315,0
73,0.001244,0
74,0.00126,0
75,0.001359,0
76,0.001284,0
77,0.001317,0
78,0.001282,0
79,0.001228,0
80,0.001291,0
81,0.001261,0
82,0.001256,0
83,0.00131,0
84,0.001299,0
85,0.001259,0
86,0.001281,0
87,0.001271,0
88,0.001251,0
89,0.001311,0
90,0.001293,0
91,0.001239,0
92,0.001278,0
93,0.001275,0
94,0.001252,0
95,0.001292,0
96,0.001284,0
97,0.001252,0
98,0.001277,0
99,0.001254,0
100,0.001286,0
101,0.001276,0
102,0.00128,0
103,0.001265,0
104,0.001276,0
105,0.001224,0
106,0.00127,0
107,0.001258,0
108,0.001265,0
109,0.001276,0
110,0.001284,0
111,0.001252,0
112,0.001294,0
113,0.001258,0
114,0.001289,0
0,0.001197,0
1,0.001256,0
2,0.001275,0
3,0.001261,0
4,0.001214,0
5,0.001238,0
6,0.001204,0
7,0.001214,0
8,0.001212,0
9,0.001212,0
10,0.001188,0
11,0.001218,0
12,0.001206,0
13,0.001211,0
14,0.001174,0
15,0.001292,0
16,0.001258,0
17,0.001346,0
18,0.00126,0
19,0.001303,0
20,0.001289,0
21,0.001318,0
22,0.001259,0
23,0.001294,0
24,0.001235,0
25,0.001278,0
26,0.001259,0
27,0.001289,0
28,0.001245,0
29,0.001302,0
30,0.001249,0
31,0.001277,0
32,0.00126,0
33,0.001286,0
34,0.0013,0
35,0.001245,0
36,0.001305,0
37,0.001302,0
38,0.001232,0
39,0.001306,0
40,0.001287,0
41,0.001265,0
42,0.001294,0
43,0.001309,0
44,0.001274,0
45,0.001259,0
46,0.001229,0
47,0.001273,0
48,0.001316,0
49,0.001303,0
50,0.001217,0
51,0.001282,0
52,0.001253,0
53,0.001241,0
54,0.001272,0
55,0.001269,0
56,0.001244,0
57,0.001266,0
58,0.001315,0
59,0.001298,0
60,0.001276,0
61,0.001246,0
62,0.001259,0
63,0.001267,0
64,0.001306,0
65,0.001302,0
66,0.001282,0
67,0.001288,0
68,0.00126,0
69,0.001286,0
70,0.001321,0
71,0.001266,0
72,0.001304,0
73,0.001288,0
74,0.001265,0
75,0.001286,0
76,0.001253,0
77,0.001276,0
78,0.001347,0
79,0.001253,0
80,0.001256,0
81,0.001229,0
82,0.00128,0
83,0.001274,0
84,0.001297,0
85,0.001236,0
86,0.001275,0
87,0.001267,0
88,0.001318,0
89,0.001273,0
90,0.001289,0
91,0.001262,0
92,0.001276,0
93,0.001295,0
94,0.001299,0
95,0.001266,0
96,0.00133,0
97,0.001285,0
98,0.001286,0
99,0.001281,0
100,0.00125,0
101,0.001293,0
102,0.001317,0
103,0.001318,0
104,0.001279,0
105,0.001282,0
106,0.00127,0
107,0.001282,0
108,0.001262,0
109,0.001251,0
110,0.001271,0
111,0.001286,0
112,0.001256,0
113,0.001233,0
114,0.001307,0
0,0.00118,0
1,0.001301,0
2,0.00125,0
3,0.00119,0
4,0.001198,0
5,0.001223,0
6,0.001178,0
7,0.001204,0
8,0.001159,0
9,0.001172,0
10,0.001176,0
11,0.001177,0
12,0.001182,0
13,0.001202,0
14,0.001238,0
15,0.001252,0
16,0.0013,0
17,0.001295,0
18,0.001362,0
19,0.001254,0
20,0.001272,0
21,0.001319,0
22,0.001252,0
23,0.001277,0
24,0.00129,0
25,0.001269,0
26,0.001254,0
27,0.001276,0
28,0.001268,0
29,0.001286,0
30,0.001297,0
31,0.001309,0
32,0.001245,0
33,0.001305,0
34,0.001264,0
35,0.001234,0
36,0.001294,0
37,0.00132,0
38,0.001224,0
39,0.001259,0
40,0.001304,0
41,0.001311,0
42,0.001271,0
43,0.001286,0
44,0.001306,0
45,0.001286,0
46,0.001235,0
47,0.001309,0
48,0.001253,0
49,0.001275,0
50,0.001233,0
51,0.001274,0
52,0.001253,0
53,0.001277,0
54,0.00125,0
55,0.001309,0
56,0.001242,0
57,0.001305,0
58,0.001297,0
59,0.001288,0
60,0.00122,0
61,0.001289,0
62,0.001243,0
63,0.001279,0
64,0.001278,0
65,0.001274,0
66,0.00127,0
67,0.001279,0
68,0.001252,0
69,0.00125,0
70,0.001301,0
71,0.001312,0
72,0.001311,0
73,0.001247,0
74,0.001254,0
75,0.001266,0
76,0.001312,0
77,0.001259,0
78,0.00127,0
79,0.001262,0
80,0.001258,0
81,0.00126,0
82,0.001254,0
83,0.001284,0
84,0.001291,0
85,0.00124,0
86,0.001257,0
87,0.001258,0
88,0.001246,0
89,0.00126,0
90,0.001257,0
91,0.001225,0
92,0.001228,0
93,0.001262,0
94,0.001235,0
95,0.001275,0
96,0.001279,0
97,0.001237,0
98,0.0013,0
99,0.001235,0
100,0.001236,0
101,0.001256,0
102,0.001252,0
103,0.001229,0
104,0.001266,0
105,0.001253,0
106,0.001276,0
107,0.001228,0
108,0.001268,0
109,0.00122,0
110,0.001358,0
111,0.00127,0
112,0.001248,0
113,0.001248,0
114,0.001313,0
0,0.001182,0
1,0.00122,0
2,0.001246,0
3,0.00121,0
4,0.001208,0
5,0.0012,0
6,0.001203,0
7,0.001242,0
8,0.001218,0
9,0.001186,0
10,0.001218,0
11,0.001173,0
12,0.001192,0
13,0.00117,0
14,0.001237,0
15,0.001271,0
16,0.00125,0
17,0.001271,0
18,0.001259,0
19,0.00125,0
20,0.001261,0
21,0.001292,0
22,0.001278,0
23,0.001276,0
24,0.001284,0
25,0.001257,0
26,0.001231,0
27,0.001253,0
28,0.001246,0
29,0.001276,0
30,0.001263,0
31,0.001278,0
32,0.001251,0
33,0.001295,0
34,0.001239,0
35,0.001244,0
36,0.001301,0
37,0.001264,0
38,0.001251,0
39,0.001302,0
40,0.017526,0
41,0.002465,0
42,0.001439,0
43,0.001332,0
44,0.001358,0
45,0.00134,0
46,0.001277,0
47,0.001375,0
48,0.00129,0
49,0.00128,0
50,0.001265,0
51,0.001313,0
52,0.00136,0
53,0.001424,0
54,0.001287,0
55,0.001369,0
56,0.001247,0
57,0.001325,0
58,0.001326,0
59,0.001325,0
60,0.001301,0
61,0.001279,0
62,0.001298,0
63,0.001354,0
64,0.001331,0
65,0.001374,0
66,0.001292,0
67,0.00128,0
68,0.001365,0
69,0.001302,0
70,0.00126,0
71,0.001301,0
72,0.001344,0
73,0.001364,0
74,0.001225,0
75,0.001295,0
76,0.001299,0
77,0.001276,0
78,0.001306,0
79,0.001299,0
80,0.001386,0
81,0.001376,0
82,0.001347,0
83,0.001309,0
84,0.001255,0
85,0.001322,0
86,0.001346,0
87,0.001328,0
88,0.001286,0
89,0.001295,0
90,0.001284,0
91,0.001256,0
92,0.001261,0
93,0.001304,0
94,0.001386,0
95,0.001283,0
96,0.001308,0
97,0.001243,0
98,0.001414,0
99,0.001379,0
100,0.001261,0
101,0.001286,0
102,0.00129,0
103,0.001239,0
104,0.001283,0
105,0.001221,0
106,0.001297,0
107,0.001305,0
108,0.001264,0
109,0.001295,0
110,0.001284,0
111,0.001287,0
112,0.001264,0
113,0.001277,0
114,0.001321,0
0,0.001208,0
1,0.001248,0
2,0.001293,0
3,0.001274,0
4,0.001197,0
5,0.001197,0
6,0.001157,0
7,0.001204,0
8,0.00122,0
9,0.00121,0
10,0.001197,0
11,0.001213,0
12,0.001232,0
13,0.001203,0
14,0.001191,0
15,0.045068,0
16,0.001492,0
17,0.001326,0
18,0.001283,0
19,0.00139,0
20,0.00139,0
21,0.001361,0
22,0.001317,0
23,0.001359,0
24,0.001331,0
25,0.001383,0
26,0.001323,0
27,0.001298,0
28,0.001318,0
29,0.00128,0
30,0.001304,0
31,0.001307,0
32,0.001323,0
33,0.001332,0
34,0.001362,0
35,0.001353,0
36,0.001534,0
37,0.00129,0
38,0.001342,0
39,0.001355,0
40,0.001352,0
41,0.001347,0
42,0.001304,0
43,0.001301,0
44,0.001321,0
45,0.001295,0
46,0.001271,0
47,0.00136,0
48,0.001365,0
49,0.001342,0
50,0.001267,0
51,0.001361,0
52,0.001317,0
53,0.001359,0
54,0.001318,0
55,0.001333,0
56,0.001275,0
57,0.001429,0
58,0.001309,0
59,0.001301,0
60,0.001279,0
61,0.001322,0
62,0.001271,0
63,0.001354,0
64,0.001285,0
65,0.001316,0
66,0.00131,0
67,0.001288,0
68,0.001325,0
69,0.001312,0
70,0.001351,0
71,0.001339,0
72,0.001329,0
73,0.001305,0
74,0.001302,0
75,0.001339,0
76,0.001291,0
77,0.001291,0
78,0.001269,0
79,0.001278,0
80,0.0013,0
81,0.001323,0
82,0.001328,0
83,0.001317,0
84,0.001293,0
85,0.001301,0
86,0.001293,0
87,0.001298,0
88,0.001324,0
89,0.001325,0
90,0.001286,0
91,0.001286,0
92,0.001293,0
93,0.001289,0
94,0.001329,0
95,0.001296,0
96,0.001308,0
97,0.001255,0
98,0.001341,0
99,0.001271,0
100,0.001339,0
101,0.001295,0
102,0.001281,0
103,0.001268,0
104,0.001309,0
105,0.001266,0
106,0.001281,0
107,0.001293,0
108,0.001313,0
109,0.001273,0
110,0.001313,0
111,0.00132,0
112,0.0013,0
113,0.001296,0
114,0.001358,0
0,0.001334,0
1,0.001261,0
2,0.001326,0
3,0.001232,0
4,0.001233,0
5,0.001261,0
6,0.001201,0
7,0.00127,0
8,0.001206,0
9,0.001249,0
10,0.001226,0
11,0.001201,0
12,0.001211,0
13,0.001207,0
14,0.001216,0
15,0.00134,0
16,0.001284,0
17,0.001317,0
18,0.001339,0
19,0.001315,0
20,0.001311,0
21,0.001326,0
22,0.001274,0
23,0.001307,0
24,0.001331,0
25,0.001322,0
26,0.001322,0
27,0.001295,0
28,0.001291,0
29,0.001288,0
30,0.001284,0
31,0.001306,0
32,0.0013,0
33,0.001337,0
34,0.001281,0
35,0.001284,0
36,0.001322,0
37,0.001431,0
38,0.001425,0
39,0.001326,0
40,0.00133,0
41,0.001296,0
42,0.001334,0
43,0.00129,0
44,0.001285,0
45,0.001329,0
46,0.001293,0
47,0.001355,0
48,0.001404,0
49,0.001321,0
50,0.001289,0
51,0.001336,0
52,0.001303,0
53,0.001338,0
54,0.001273,0
55,0.001303,0
56,0.001249,0
57,0.001321,0
58,0.001311,0
59,0.001352,0
60,0.001294,0
61,0.001291,0
62,0.001328,0
63,0.001332,0
64,0.001325,0
65,0.001316,0
66,0.001299,0
67,0.00132,0
68,0.00132,0
69,0.001299,0
70,0.001308,0
71,0.001305,0
72,0.001334,0
73,0.001336,0
74,0.001281,0
75,0.001337,0
76,0.001311,0
77,0.001298,0
78,0.001342,0
79,0.001276,0
80,0.001296,0
81,0.001313,0
82,0.001295,0
83,0.001326,0
84,0.001305,0
85,0.001286,0
86,0.001308,0
87,0.001319,0
88,0.001271,0
89,0.001299,0
90,0.001326,0
91,0.001272,0
92,0.001286,0
93,0.001323,0
94,0.001291,0
95,0.001337,0
96,0.001262,0
97,0.001341,0
98,0.0013,0
99,0.001314,0
100,0.001286,0
101,0.001335,0
102,0.001264,0
103,0.001347,0
104,0.001298,0
105,0.001291,0
106,0.001264,0
107,0.001317,0
108,0.001276,0
109,0.001302,0
110,0.001307,0
111,0.001311,0
112,0.001315,0
113,0.001308,0
114,0.001285,0
0,0.001267,0
1,0.001229,0
2,0.001365,0
3,0.001253,0
4,0.001242,0
5,0.001256,0
6,0.00122,0
7,0.001243,0
8,0.001266,0
9,0.001223,0
10,0.001275,0
11,0.001257,0
12,0.001279,0
13,0.001198,0
14,0.001226,0
15,0.001296,0
16,0.001371,0
17,0.001301,0
18,0.001348,0
19,0.001283,0
20,0.001326,0
21,0.001322,0
22,0.001298,0
23,0.001298,0
24,0.001409,0
25,0.001272,0
26,0.001305,0
27,0.001288,0
28,0.001354,0
29,0.001403,0
30,0.001313,0
31,0.001303,0
32,0.00131,0
33,0.001309,0
34,0.001305,0
35,0.001289,0
36,0.001336,0
37,0.001295,0
38,0.001305,0
39,0.001294,0
40,0.001338,0
41,0.001316,0
42,0.001292,0
43,0.001302,0
44,0.001348,0
45,0.001301,0
46,0.001312,0
47,0.001323,0
48,0.001294,0
49,0.00133,0
50,0.001276,0
51,0.0013,0
52,0.001314,0
53,0.001358,0
54,0.001314,0
55,0.001361,0
56,0.001292,0
57,0.001308,0
58,0.001316,0
59,0.001295,0
60,0.001262,0
61,0.001333,0
62,0.001253,0
63,0.001328,0
64,0.001309,0
65,0.001347,0
66,0.001287,0
67,0.001282,0
68,0.00131,0
69,0.00128,0
70,0.001308,0
71,0.001294,0
72,0.001362,0
73,0.001287,0
74,0.001281,0
75,0.001288,0
76,0.001283,0
77,0.001286,0
78,0.001292,0
79,0.001274,0
80,0.001293,0
81,0.001304,0
82,0.001292,0
83,0.001273,0
84,0.00126,0
85,0.001289,0
86,0.001296,0
87,0.001319,0
88,0.001291,0
89,0.001299,0
90,0.001309,0
91,0.001306,0
92,0.001298,0
93,0.0013,0
94,0.001278,0
95,0.001306,0
96,0.001288,0
97,0.001302,0
98,0.00129,0
99,0.001286,0
100,0.001232,0
101,0.001335,0
102,0.001253,0
103,0.001275,0
104,0.001251,0
105,0.001279,0
106,0.001297,0
107,0.001291,0
108,0.001268,0
109,0.001265,0
110,0.001297,0
111,0.001281,0
112,0.001265,0
113,0.001271,0
114,0.001281,0
0,0.001295,0
1,0.001244,0
2,0.001306,0
3,0.001232,0
4,0.001231,0
5,0.001206,0
6,0.00123,0
7,0.001217,0
8,0.001276,0
9,0.001264,0
10,0.001228,0
11,0.001217,0
12,0.001231,0
13,0.001193,0
14,0.001236,0
15,0.001316,0
16,0.001335,0
17,0.00128,0
18,0.001328,0
19,0.00128,0
20,0.00128,0
21,0.001297,0
22,0.001256,0
23,0.001272,0
24,0.001299,0
25,0.001276,0
26,0.001346,0
27,0.001312,0
28,0.00129,0
29,0.001298,0
30,0.001286,0
31,0.001307,0
32,0.001278,0
33,0.001329,0
34,0.001268,0
35,0.001313,0
36,0.001283,0
37,0.001275,0
38,0.001291,0
39,0.001291,0
40,0.001282,0
41,0.001298,0
42,0.001325,0
43,0.001293,0
44,0.001307,0
45,0.001264,0
46,0.001286,0
47,0.001319,0
48,0.0013,0
49,0.0013,0
50,0.001306,0
51,0.001326,0
52,0.001325,0
53,0.001317,0
54,0.001302,0
55,0.001295,0
56,0.001257,0
57,0.001298,0
58,0.001342,0
59,0.001337,0
60,0.001285,0
61,0.001311,0
62,0.001317,0
63,0.001295,0
64,0.00132,0
65,0.001306,0
66,0.001294,0
67,0.001293,0
68,0.001316,0
69,0.001285,0
70,0.001296,0
71,0.001323,0
72,0.001319,0
73,0.0013,0
74,0.001277,0
75,0.001307,0
76,0.001307,0
77,0.001323,0
78,0.001281,0
79,0.001278,0
80,0.001274,0
81,0.001275,0
82,0.001274,0
83,0.001337,0
84,0.001261,0
85,0.0013,0
86,0.001283,0
87,0.001297,0
88,0.0013,0
89,0.001405,0
90,0.00129,0
91,0.001316,0
92,0.001288,0
93,0.001303,0
94,0.001326,0
95,0.001309,0
96,0.001278,0
97,0.001308,0
98,0.001347,0
99,0.001326,0
100,0.001278,0
101,0.001301,0
102,0.00124,0
103,0.00127,0
104,0.001232,0
105,0.001275,0
106,0.001297,0
107,0.001292,0
108,0.001274,0
109,0.001239,0
110,0.001278,0
111,0.001272,0
112,0.001379,0
113,0.001353,0
114,0.001288,0
0,0.001257,0
1,0.001209,0
2,0.001351,0
3,0.001233,0
4,0.001264,0
5,0.001197,0
6,0.001214,0
7,0.001207,0
8,0.001224,0
9,0.001178,0
10,0.00122,0
11,0.001181,0
12,0.001208,0
13,0.00118,0
14,0.00118,0
15,0.001295,0
16,0.001297,0
17,0.001357,0
18,0.001261,0
19,0.001255,0
20,0.001376,0
21,0.001299,0
22,0.001243,0
23,0.001326,0
24,0.001293,0
25,0.001306,0
26,0.001269,0
27,0.001298,0
28,0.00126,0
29,0.001294,0
30,0.001261,0
31,0.001311,0
32,0.001289,0
33,0.001259,0
34,0.001358,0
35,0.001225,0
36,0.001298,0
37,0.001309,0
38,0.001282,0
39,0.00134,0
40,0.001288,0
41,0.001278,0
42,0.001316,0
43,0.001233,0
44,0.001312,0
45,0.001264,0
46,0.001249,0
47,0.001295,0
48,0.001276,0
49,0.001263,0
50,0.00128,0
51,0.001257,0
52,0.001282,0
53,0.001419,0
54,0.001277,0
55,0.001356,0
56,0.001238,0
57,0.001352,0
58,0.001327,0
59,0.001304,0
60,0.001247,0
61,0.001281,0
62,0.001297,0
63,0.001293,0
64,0.00136,0
65,0.001304,0
66,0.001313,0
67,0.0013,0
68,0.00128,0
69,0.001282,0
70,0.001236,0
71,0.001264,0
72,0.001273,0
73,0.001311,0
74,0.001295,0
75,0.001306,0
76,0.001253,0
77,0.001266,0
78,0.001231,0
79,0.001277,0
80,0.001269,0
81,0.001284,0
82,0.00126,0
83,0.001262,0
84,0.001236,0
85,0.001278,0
86,0.001277,0
87,0.001312,0
88,0.001259,0
89,0.001323,0
90,0.001285,0
91,0.001281,0
92,0.001232,0
93,0.001291,0
94,0.001306,0
95,0.001269,0
96,0.001272,0
97,0.001354,0
98,0.001293,0
99,0.001249,0
100,0.001267,0
101,0.00135,0
102,0.001272,0
103,0.001338,0
104,0.001238,0
105,0.001292,0
106,0.019274,0
107,0.002261,0
108,0.001466,0
109,0.001303,0
110,0.001333,0
111,0.001316,0
112,0.001256,0
113,0.001312,0
114,0.001268,0
0,0.00127,0
1,0.001267,0
2,0.001278,0
3,0.001245,0
4,0.001212,0
5,0.00125,0
6,0.001198,0
7,0.001211,0
8,0.001244,0
9,0.001203,0
10,0.001201,0
11,0.001188,0
12,0.001189,0
13,0.001227,0
14,0.001194,0
15,0.001283,0
16,0.001302,0
17,0.001349,0
18,0.001279,0
19,0.001311,0
20,0.001319,0
21,0.001329,0
22,0.001247,0
23,0.001296,0
24,0.001279,0
25,0.001271,0
26,0.001278,0
27,0.001269,0
28,0.001255,0
29,0.001278,0
30,0.001291,0
31,0.001243,0
32,0.001283,0
33,0.001268,0
34,0.00129,0
35,0.001251,0
36,0.001323,0
37,0.001263,0
38,0.001248,0
39,0.001328,0
40,0.001315,0
41,0.001282,0
42,0.001312,0
43,0.001302,0
44,0.001259,0
45,0.001249,0
46,0.001234,0
47,0.001399,0
48,0.001258,0
49,0.001267,0
50,0.001247,0
51,0.001301,0
52,0.001242,0
53,0.001317,0
54,0.001271,0
55,0.001305,0
56,0.001225,0
57,0.00132,0
58,0.001317,0
59,0.001327,0
60,0.00125,0
61,0.001278,0
62,0.001225,0
63,0.001271,0
64,0.001297,0
65,0.001322,0
66,0.001256,0
67,0.001298,0
68,0.001259,0
69,0.001257,0
70,0.001239,0
71,0.001281,0
72,0.001304,0
73,0.00127,0
74,0.001256,0
75,0.001268,0
76,0.001334,0
77,0.001266,0
78,0.001287,0
79,0.001244,0
80,0.001285,0
81,0.00126,0
82,0.001273,0
83,0.001306,0
84,0.001259,0
85,0.001354,0
86,0.001257,0
87,0.001316,0
88,0.001245,0
89,0.001264,0
90,0.001342,0
91,0.001258,0
92,0.001258,0
93,0.001282,0
94,0.001268,0
95,0.00132,0
96,0.001271,0
97,0.001249,0
98,0.001274,0
99,0.001258,0
100,0.00123,0
101,0.001262,0
102,0.001253,0
103,0.001235,0
104,0.001272,0
105,0.001241,0
106,0.001293,0
107,0.001265,0
108,0.001249,0
109,0.001254,0
110,0.001266,0
111,0.001312,0
112,0.001271,0
113,0.001246,0
114,0.001268,0
0,0.001202,0
1,0.001203,0
2,0.001279,0
3,0.001246,0
4,0.001216,0
5,0.001237,0
6,0.001211,0
7,0.001208,0
8,0.001231,0
9,0.001183,0
10,0.00122,0
11,0.001187,0
12,0.001228,0
13,0.001188,0
14,0.001228,0
15,0.001322,0
16,0.001327,0
17,0.001307,0
18,0.001283,0
19,0.001279,0
20,0.001277,0
21,0.0013,0
22,0.001278,0
23,0.0013,0
24,0.001311,0
25,0.001273,0
26,0.001308,0
27,0.00126,0
28,0.001288,0
29,0.00126,0
30,0.001256,0
31,0.001253,0
32,0.046698,0
33,0.003356,0
34,0.001417,0
35,0.001368,0
36,0.001327,0
37,0.001334,0
38,0.001347,0
39,0.001305,0
40,0.001327,0
41,0.001285,0
42,0.001346,0
43,0.001328,0
44,0.001308,0
45,0.001353,0
46,0.001299,0
47,0.001357,0
48,0.001336,0
49,0.001345,0
50,0.001226,0
51,0.0013,0
52,0.001346,0
53,0.001296,0
54,0.001313,0
55,0.001297,0
56,0.001257,0
57,0.001295,0
58,0.001307,0
59,0.001246,0
60,0.001289,0
61,0.001248,0
62,0.00127,0
63,0.001324,0
64,0.001281,0
65,0.001355,0
66,0.001288,0
67,0.001253,0
68,0.001293,0
69,0.001345,0
70,0.001267,0
71,0.001298,0
72,0.001302,0
73,0.001258,0
74,0.001317,0
75,0.001344,0
76,0.001284,0
77,0.001269,0
78,0.001265,0
79,0.001222,0
80,0.001251,0
81,0.001296,0
82,0.00124,0
83,0.001294,0
84,0.001281,0
85,0.001334,0
86,0.001269,0
87,0.001267,0
88,0.001243,0
89,0.08175,0
90,0.001783,0
91,0.001314,0
92,0.001314,0
93,0.001351,0
94,0.001268,0
95,0.001282,0
96,0.001305,0
97,0.001346,0
98,0.001296,0
99,0.001314,0
100,0.001226,0
101,0.001365,0
102,0.001234,0
103,0.001417,0
104,0.001287,0
105,0.001364,0
106,0.001262,0
107,0.001426,0
108,0.001249,0
109,0.001242,0
110,0.001283,0
111,0.001318,0
112,0.001248,0
113,0.001291,0
114,0.001255,0
0,0.001241,0
1,0.001215,0
2,0.001271,0
3,0.001202,0
4,0.001194,0
5,0.001224,0
6,0.001183,0
7,0.001187,0
8,0.00126,0
9,0.001185,0
10,0.001234,0
11,0.001181,0
12,0.001211,0
13,0.001213,0
14,0.001172,0
15,0.001249,0
16,0.001303,0
17,0.001344,0
18,0.001287,0
19,0.001301,0
20,0.001281,0
21,0.001358,0
22,0.00125,0
23,0.001261,0
24,0.001326,0
25,0.00128,0
26,0.001312,0
27,0.001269,0
28,0.001357,0
29,0.001272,0
30,0.001281,0
31,0.001341,0
32,0.00135,0
33,0.001276,0
34,0.001295,0
35,0.001285,0
36,0.001306,0
37,0.001266,0
38,0.001316,0
39,0.001262,0
40,0.00129,0
41,0.001275,0
42,0.00129,0
43,0.001285,0
44,0.001377,0
45,0.001283,0
46,0.001285,0
47,0.001324,0
48,0.00128,0
49,0.001285,0
50,0.001247,0
51,0.001337,0
52,0.001271,0
53,0.001272,0
54,0.001286,0
55,0.001285,0
56,0.001255,0
57,0.00128,0
58,0.001335,0
59,0.001328,0
60,0.001245,0
61,0.001274,0
62,0.00124,0
63,0.00134,0
64,0.0013,0
65,0.001331,0
66,0.001277,0
67,0.00125,0
68,0.001274,0
69,0.001243,0
70,0.001291,0
71,0.00132,0
72,0.001281,0
73,0.00127,0
74,0.001304,0
75,0.001266,0
76,0.001241,0
77,0.001267,0
78,0.001261,0
79,0.001253,0
80,0.001273,0
81,0.001249,0
82,0.001275,0
83,0.001332,0
84,0.001248,0
85,0.0013,0
86,0.001268,0
87,0.001313,0
88,0.001252,0
89,0.001285,0
90,0.001293,0
91,0.001246,0
92,0.001264,0
93,0.001246,0
94,0.00131,0
95,0.0013,0
96,0.001241,0
97,0.001291,0
98,0.001281,0
99,0.001246,0
100,0.001252,0
101,0.001297,0
102,0.001257,0
103,0.001252,0
104,0.001282,0
105,0.001234,0
106,0.001284,0
107,0.00127,0
108,0.001337,0
109,0.001273,0
110,0.001268,0
111,0.001269,0
112,0.00126,0
113,0.001271,0
114,0.001253,0
0,0.001238,0
1,0.001227,0
2,0.001349,0
3,0.001229,0
4,0.001242,0
5,0.001221,0
6,0.001204,0
7,0.001233,0
8,0.001226,0
9,0.001209,0
10,0.001212,0
11,0.001179,0
12,0.001228,0
13,0.001192,0
14,0.001201,0
15,0.001314,0
16,0.001331,0
17,0.001263,0
18,0.001308,0
19,0.001277,0
20,0.001291,0
21,0.00128,0
22,0.00127,0
23,0.00126,0
24,0.001303,0
25,0.001266,0
26,0.001291,0
27,0.001265,0
28,0.001313,0
29,0.001293,0
30,0.001282,0
31,0.001259,0
32,0.001275,0
33,0.001285,0
34,0.001293,0
35,0.001293,0
36,0.001276,0
37,0.00131,0
38,0.001253,0
39,0.001298,0
40,0.001324,0
41,0.001301,0
42,0.001399,0
43,0.0013,0
44,0.001304,0
45,0.001297,0
46,0.001229,0
47,0.001302,0
48,0.001253,0
49,0.001293,0
50,0.001222,0
51,0.00127,0
52,0.001352,0
53,0.001282,0
54,0.001295,0
55,0.001268,0
56,0.001264,0
57,0.001281,0
58,0.001287,0
59,0.001273,0
60,0.001294,0
61,0.001256,0
62,0.001262,0
63,0.001291,0
64,0.0013,0
65,0.001273,0
66,0.001282,0
67,0.001303,0
68,0.001274,0
69,0.001273,0
70,0.001257,0
71,0.001278,0
72,0.001342,0
73,0.001327,0
74,0.001257,0
75,0.001284,0
76,0.001322,0
77,0.001286,0
78,0.001284,0
79,0.001237,0
80,0.001265,0
81,0.001253,0
82,0.001257,0
83,0.001282,0
84,0.00126,0
85,0.001272,0
86,0.001301,0
87,0.001268,0
88,0.00123,0
89,0.001261,0
90,0.001241,0
91,0.001292,0
92,0.001259,0
93,0.00129,0
94,0.001329,0
95,0.001284,0
96,0.001288,0
97,0.001274,0
98,0.001328,0
99,0.001281,0
100,0.001263,0
101,0.001283,0
102,0.001228,0
103,0.001264,0
104,0.001266,0
105,0.001275,0
106,0.001295,0
107,0.001303,0
108,0.001256,0
109,0.001269,0
110,0.001275,0
111,0.001289,0
112,0.001227,0
113,0.001256,0
114,0.001246,0
0,0.001257,0
1,0.001205,0
2,0.001313,0
3,0.001267,0
4,0.001219,0
5,0.00125,0
6,0.001238,0
7,0.001255,0
8,0.001185,0
9,0.001206,0
10,0.001181,0
11,0.001207,0
12,0.001179,0
13,0.00116,0
14,0.001171,0
15,0.001321,0
16,0.001342,0
17,0.001271,0
18,0.001305,0
19,0.001248,0
20,0.001282,0
21,0.001267,0
22,0.001271,0
23,0.001271,0
24,0.001252,0
25,0.001296,0
26,0.001289,0
27,0.001261,0
28,0.001313,0
29,0.001346,0
30,0.001268,0
31,0.00128,0
32,0.001318,0
33,0.001317,0
34,0.001275,0
35,0.001273,0
36,0.001356,0
37,0.001297,0
38,0.001302,0
39,0.001325,0
40,0.001284,0
41,0.001294,0
42,0.001293,0
43,0.00125,0
44,0.001304,0
45,0.001259,0
46,0.001342,0
47,0.001325,0
48,0.001282,0
49,0.001292,0
50,0.001264,0
51,0.001266,0
52,0.001381,0
53,0.001277,0
54,0.001335,0
55,0.001287,0
56,0.001232,0
57,0.001302,0
58,0.00129,0
59,0.00127,0
60,0.001246,0
61,0.001271,0
62,0.001333,0
63,0.001291,0
64,0.001314,0
65,0.001325,0
66,0.001255,0
67,0.001303,0
68,0.001246,0
69,0.00131,0
70,0.001271,0
71,0.001274,0
72,0.001314,0
73,0.001275,0
74,0.0013,0
75,0.001277,0
76,0.001285,0
77,0.001275,0
78,0.001299,0
79,0.001274,0
80,0.001284,0
81,0.00125,0
82,0.001261,0
83,0.001293,0
84,0.001282,0
85,0.001297,0
86,0.001269,0
87,0.001396,0
88,0.001249,0
89,0.00133,0
90,0.001315,0
91,0.001312,0
92,0.001305,0
93,0.001294,0
94,0.001266,0
95,0.001292,0
96,0.001287,0
97,0.001269,0
98,0.001272,0
99,0.001298,0
100,0.001249,0
101,0.001314,0
102,0.00127,0
103,0.001257,0
104,0.001283,0
105,0.001233,0
106,0.001258,0
107,0.00126,0
108,0.00128,0
109,0.001251,0
110,0.001257,0
111,0.001296,0
112,0.001262,0
113,0.0013,0
114,0.001251,0
0,0.001257,0
1,0.001201,0
2,0.001366,0
3,0.001227,0
4,0.001228,0
5,0.016352,0
6,0.002183,0
7,0.001288,0
8,0.001262,0
9,0.001245,0
10,0.001205,0
11,0.001233,0
12,0.001179,0
13,0.00117,0
14,0.001215,0
15,0.001306,0
16,0.001305,0
17,0.001253,0
18,0.001333,0
19,0.001304,0
20,0.001261,0
21,0.001332,0
22,0.00124,0
23,0.001321,0
24,0.001298,0
25,0.001267,0
26,0.001295,0
27,0.001256,0
28,0.001297,0
29,0.001319,0
30,0.001279,0
31,0.001293,0
32,0.001307,0
33,0.001293,0
34,0.001258,0
35,0.001354,0
36,0.001274,0
37,0.001301,0
38,0.001255,0
39,0.001238,0
40,0.001273,0
41,0.001254,0
42,0.001266,0
43,0.001246,0
44,0.001371,0
45,0.001271,0
46,0.001233,0
47,0.001312,0
48,0.001309,0
49,0.001266,0
50,0.001257,0
51,0.001265,0
52,0.001248,0
53,0.001238,0
54,0.001273,0
55,0.001302,0
56,0.001224,0
57,0.001283,0
58,0.00134,0
59,0.001299,0
60,0.001231,0
61,0.001319,0
62,0.001315,0
63,0.001288,0
64,0.00126,0
65,0.001292,0
66,0.001268,0
67,0.001311,0
68,0.001273,0
69,0.001272,0
70,0.001265,0
71,0.001337,0
72,0.001293,0
73,0.001259,0
74,0.001259,0
75,0.001257,0
76,0.001286,0
77,0.001272,0
78,0.001342,0
79,0.0013,0
80,0.00126,0
81,0.001289,0
82,0.001232,0
83,0.001263,0
84,0.001275,0
85,0.001298,0
86,0.00127,0
87,0.001299,0
88,0.001258,0
89,0.001261,0
90,0.001281,0
91,0.001259,0
92,0.001267,0
93,0.001286,0
94,0.001254,0
95,0.001263,0
96,0.001257,0
97,0.001289,0
98,0.001292,0
99,0.00125,0
100,0.001251,0
101,0.001319,0
102,0.00126,0
103,0.001257,0
104,0.001273,0
105,0.001242,0
106,0.001351,0
107,0.001296,0
108,0.001255,0
109,0.001252,0
110,0.001308,0
111,0.001303,0
112,0.001291,0
113,0.001268,0
114,0.001251,0
0,0.001263,0
1,0.001206,0
2,0.001292,0
3,0.001198,0
4,0.001233,0
5,0.001181,0
6,0.001194,0
7,0.001191,0
8,0.001192,0
9,0.001206,0
10,0.001275,0
11,0.001176,0
12,0.00122,0
13,0.001214,0
14,0.001219,0
15,0.00127,0
16,0.00132,0
17,0.001273,0
18,0.001281,0
19,0.001282,0
20,0.00133,0
21,0.001272,0
22,0.001285,0
23,0.001253,0
24,0.001292,0
25,0.001239,0
26,0.001289,0
27,0.001265,0
28,0.001339,0
29,0.001263,0
30,0.001326,0
31,0.00128,0
32,0.001274,0
33,0.001307,0
34,0.001328,0
35,0.001228,0
36,0.001299,0
37,0.001309,0
38,0.001285,0
39,0.001296,0
40,0.001276,0
41,0.00127,0
42,0.001261,0
43,0.00128,0
44,0.001322,0
45,0.001284,0
46,0.001319,0
47,0.001301,0
48,0.001298,0
49,0.001258,0
50,0.001299,0
51,0.001269,0
52,0.001248,0
53,0.00127,0
54,0.00128,0
55,0.001339,0
56,0.001209,0
57,0.001288,0
58,0.001264,0
59,0.001436,0
60,0.00129,0
61,0.001277,0
62,0.001244,0
63,0.001278,0
64,0.001268,0
65,0.001281,0
66,0.001247,0
67,0.001261,0
68,0.001314,0
69,0.001281,0
70,0.001266,0
71,0.001274,0
72,0.001293,0
73,0.001389,0
74,0.001269,0
75,0.001324,0
76,0.001266,0
77,0.001294,0
78,0.001333,0
79,0.00126,0
80,0.001274,0
81,0.001255,0
82,0.00127,0
83,0.001263,0
84,0.001265,0
85,0.001317,0
86,0.001251,0
87,0.00131,0
88,0.001241,0
89,0.001292,0
90,0.001317,0
91,0.001272,0
92,0.001251,0
93,0.001285,0
94,0.001283,0
95,0.001402,0
96,0.001251,0
97,0.001267,0
98,0.001279,0
99,0.001358,0
100,0.001269,0
101,0.00133,0
102,0.001245,0
103,0.001286,0
104,0.001277,0
105,0.001249,0
106,0.001321,0
107,0.001291,0
108,0.001278,0
109,0.001254,0
110,0.001303,0
111,0.001271,0
112,0.001257,0
113,0.001279,0
114,0.001283,0
0,0.001232,0
1,0.001232,0
2,0.001245,0
3,0.001231,0
4,0.001215,0
5,0.00118,0
6,0.001214,0
7,0.001237,0
8,0.001227,0
9,0.001185,0
10,0.001187,0
11,0.00119,0
12,0.001179,0
13,0.001257,0
14,0.001206,0
15,0.001329,0
16,0.001314,0
17,0.001333,0
18,0.001283,0
19,0.001339,0
20,0.001286,0
21,0.001315,0
22,0.001295,0
23,0.001354,0
24,0.001286,0
25,0.001279,0
26,0.001281,0
27,0.00134,0
28,0.001331,0
29,0.00126,0
30,0.001271,0
31,0.001325,0
32,0.001266,0
33,0.001363,0
34,0.001285,0
35,0.001271,0
36,0.00131,0
37,0.001291,0
38,0.00123,0
39,0.001254,0
40,0.001272,0
41,0.001269,0
42,0.001244,0
43,0.001263,0
44,0.001254,0
45,0.001275,0
46,0.001228,0
47,0.001315,0
48,0.001296,0
49,0.001293,0
50,0.001273,0
51,0.001355,0
52,0.001253,0
53,0.00129,0
54,0.001256,0
55,0.001298,0
56,0.001265,0
57,0.001377,0
58,0.001273,0
59,0.001281,0
60,0.001267,0
61,0.001249,0
62,0.001268,0
63,0.001254,0
64,0.001276,0
65,0.001298,0
66,0.001249,0
67,0.001261,0
68,0.001276,0
69,0.001236,0
70,0.001278,0
71,0.001276,0
72,0.001305,0
73,0.001303,0
74,0.001232,0
75,0.001284,0
76,0.001355,0
77,0.001352,0
78,0.001276,0
79,0.001283,0
80,0.001278,0
81,0.001303,0
82,0.001286,0
83,0.001304,0
84,0.001253,0
85,0.001301,0
86,0.001263,0
87,0.001329,0
88,0.001333,0
89,0.001345,0
90,0.001276,0
91,0.001322,0
92,0.00129,0
93,0.001268,0
94,0.001215,0
95,0.001265,0
96,0.001251,0
97,0.001231,0
98,0.001253,0
99,0.001308,0
100,0.001278,0
101,0.001329,0
102,0.001281,0
103,0.00135,0
104,0.001286,0
105,0.001305,0
106,0.001273,0
107,0.001305,0
108,0.001268,0
109,0.001326,0
110,0.001294,0
111,0.001294,0
112,0.001277,0
113,0.001304,0
114,0.001275,0
0,0.001298,0
1,0.001233,0
2,0.001274,0
3,0.001235,0
4,0.001194,0
5,0.001195,0
6,0.001179,0
7,0.001239,0
8,0.001192,0
9,0.001236,0
10,0.001172,0
11,0.001177,0
12,0.001179,0
13,0.001169,0
14,0.001273,0
15,0.001308,0
16,0.001367,0
17,0.001265,0
18,0.001276,0
19,0.001267,0
20,0.001341,0
21,0.001273,0
22,0.001289,0
23,0.001285,0
24,0.001285,0
25,0.00125,0
26,0.001303,0
27,0.001278,0
28,0.001312,0
29,0.001255,0
30,0.001355,0
31,0.001272,0
32,0.001355,0
33,0.001294,0
34,0.001255,0
35,0.00124,0
36,0.001312,0
37,0.001265,0
38,0.001257,0
39,0.001293,0
40,0.001365,0
41,0.001419,0
42,0.001385,0
43,0.001399,0
44,0.001315,0
45,0.001682,0
46,0.00144,0
47,0.0014,0
48,0.001353,0
49,0.001446,0
50,0.001235,0
51,0.001305,0
52,0.001348,0
53,0.00134,0
54,0.001303,0
55,0.001363,0
56,0.001338,0
57,0.001501,0
58,0.001346,0
59,0.001363,0
60,0.00137,0
61,0.001369,0
62,0.001383,0
63,0.001354,0
64,0.001358,0
65,0.001279,0
66,0.001336,0
67,0.001288,0
68,0.001337,0
69,0.001371,0
70,0.001289,0
71,0.001295,0
72,0.001349,0
73,0.001296,0
74,0.001365,0
75,0.001351,0
76,0.001337,0
77,0.001319,0
78,0.00132,0
79,0.001366,0
80,0.001283,0
81,0.001373,0
82,0.001346,0
83,0.001339,0
84,0.001309,0
85,0.001371,0
86,0.001381,0
87,0.00141,0
88,0.001272,0
89,0.001351,0
90,0.001282,0
91,0.001378,0
92,0.001382,0
93,0.001305,0
94,0.001345,0
95,0.001267,0
96,0.001305,0
97,0.001325,0
98,0.001374,0
99,0.00128,0
100,0.001248,0
101,0.001312,0
102,0.001382,0
103,0.001285,0
104,0.001319,0
105,0.001308,0
106,0.001268,0
107,0.001425,0
108,0.001393,0
109,0.001323,0
110,0.00128,0
111,0.001369,0
112,0.0013,0
113,0.001319,0
114,0.00132,0
0,0.001273,0
1,0.00122,0
2,0.001397,0
3,0.001244,0
4,0.001275,0
5,0.0013,0
6,0.001208,0
7,0.001302,0
8,0.001229,0
9,0.001222,0
10,0.00125,0
11,0.001294,0
12,0.001187,0
13,0.001186,0
14,0.001272,0
15,0.001378,0
16,0.001347,0
17,0.001322,0
18,0.001358,0
19,0.0013,0
20,0.001295,0
21,0.001397,0
22,0.001332,0
23,0.00134,0
24,0.001313,0
25,0.001351,0
26,0.001313,0
27,0.001371,0
28,0.001318,0
29,0.001254,0
30,0.001378,0
31,0.001344,0
32,0.001318,0
33,0.001404,0
34,0.001309,0
35,0.001386,0
36,0.00134,0
37,0.001323,0
38,0.001268,0
39,0.00137,0
40,0.001314,0
41,0.001393,0
42,0.001267,0
43,0.001314,0
44,0.001306,0
45,0.001269,0
46,0.001289,0
47,0.001327,0
48,0.001262,0
49,0.001313,0
50,0.001305,0
51,0.001298,0
52,0.001391,0
53,0.001271,0
54,0.001325,0
55,0.001369,0
56,0.001497,0
57,0.001368,0
58,0.001305,0
59,0.001353,0
60,0.001292,0
61,0.001353,0
62,0.001393,0
63,0.001331,0
64,0.001342,0
65,0.001329,0
66,0.001327,0
67,0.001319,0
68,0.001383,0
69,0.00135,0
70,0.001329,0
71,0.001343,0
72,0.001331,0
73,0.001328,0
74,0.001323,0
75,0.001395,0
76,0.001314,0
77,0.001294,0
78,0.001343,0
79,0.001279,0
80,0.001352,0
81,0.001422,0
82,0.001387,0
83,0.001341,0
84,0.001375,0
85,0.00134,0
86,0.001394,0
87,0.001326,0
88,0.001335,0
89,0.001295,0
90,0.001372,0
91,0.001327,0
92,0.001312,0
93,0.00128,0
94,0.00134,0
95,0.00138,0
96,0.001323,0
97,0.001284,0
98,0.001326,0
99,0.001257,0
100,0.001266,0
101,0.001403,0
102,0.001325,0
103,0.001255,0
104,0.001258,0
105,0.001285,0
106,0.001372,0
107,0.001354,0
108,0.001273,0
109,0.001311,0
110,0.001281,0
111,0.001327,0
112,0.001276,0
113,0.0013,0
114,0.001336,0
0,0.001298,0
1,0.001297,0
2,0.001318,0
3,0.001243,0
4,0.001278,0
5,0.001211,0
6,0.001249,0
7,0.001268,0
8,0.00132,0
9,0.001197,0
10,0.00127,0
11,0.001269,0
12,0.00124,0
13,0.001228,0
14,0.001208,0
15,0.001318,0
16,0.001422,0
17,0.00131,0
18,0.001309,0
19,0.001282,0
20,0.001299,0
21,0.001308,0
22,0.001275,0
23,0.001429,0
24,0.001299,0
25,0.001265,0
26,0.001325,0
27,0.001392,0
28,0.001292,0
29,0.001346,0
30,0.001363,0
31,0.001353,0
32,0.001397,0
33,0.0013,0
34,0.001331,0
35,0.001272,0
36,0.001354,0
37,0.001296,0
38,0.001396,0
39,0.001364,0
40,0.001354,0
41,0.001298,0
42,0.001263,0
43,0.001386,0
44,0.001407,0
45,0.001262,0
46,0.001306,0
47,0.00148,0
48,0.001318,0
49,0.001345,0
50,0.00128,0
51,0.001383,0
52,0.001324,0
53,0.001293,0
54,0.001354,0
55,0.001341,0
56,0.001356,0
57,0.00134,0
58,0.001323,0
59,0.001358,0
60,0.001299,0
61,0.001275,0
62,0.001354,0
63,0.001303,0
64,0.001403,0
65,0.001345,0
66,0.00126,0
67,0.001306,0
68,0.001304,0
69,0.00135,0
70,0.001336,0
71,0.001333,0
72,0.001337,0
73,0.001389,0
74,0.001281,0
75,0.001296,0
76,0.001359,0
77,0.001367,0
78,0.001318,0
79,0.001287,0
80,0.001347,0
81,0.001313,0
82,0.001384,0
83,0.00132,0
84,0.001315,0
85,0.001342,0
86,0.001313,0
87,0.001338,0
88,0.001316,0
89,0.001392,0
90,0.001434,0
91,0.001327,0
92,0.001335,0
93,0.001287,0
94,0.001265,0
95,0.001346,0
96,0.001317,0
97,0.001302,0
98,0.001387,0
99,0.001286,0
100,0.001314,0
101,0.002633,0
102,0.001376,0
103,0.001367,0
104,0.001329,0
105,0.001342,0
106,0.001307,0
107,0.00137,0
108,0.001288,0
109,0.001346,0
110,0.001386,0
111,0.001351,0
112,0.001313,0
113,0.001305,0
114,0.001281,0
0,0.001217,0
1,0.001221,0
2,0.00131,0
3,0.001221,0
4,0.001232,0
5,0.001177,0
6,0.001217,0
7,0.001194,0
8,0.00118,0
9,0.001197,0
10,0.001227,0
11,0.00117,0
12,0.001214,0
13,0.001149,0
14,0.001225,0
15,0.001341,0
16,0.00132,0
17,0.001287,0
18,0.001244,0
19,0.001292,0
20,0.0013,0
21,0.00128,0
22,0.001277,0
23,0.00132,0
24,0.00128,0
25,0.001285,0
26,0.00129,0
27,0.001278,0
28,0.001254,0
29,0.001249,0
30,0.001268,0
31,0.001242,0
32,0.001283,0
33,0.001256,0
34,0.001263,0
35,0.001255,0
36,0.001284,0
37,0.001254,0
38,0.001264,0
39,0.001322,0
40,0.001284,0
41,0.0013,0
42,0.001253,0
43,0.001281,0
44,0.001318,0
45,0.001252,0
46,0.001285,0
47,0.001298,0
48,0.001272,0
49,0.001257,0
50,0.027393,0
51,0.001436,0
52,0.001337,0
53,0.001315,0
54,0.001385,0
55,0.001334,0
56,0.00128,0
57,0.001355,0
58,0.001328,0
59,0.001297,0
60,0.001294,0
61,0.001254,0
62,0.001277,0
63,0.001357,0
64,0.00134,0
65,0.001371,0
66,0.001244,0
67,0.001295,0
68,0.00145,0
69,0.001269,0
70,0.001258,0
71,0.00127,0
72,0.00131,0
73,0.001254,0
74,0.001378,0
75,0.001346,0
76,0.001261,0
77,0.001279,0
78,0.001313,0
79,0.001277,0
80,0.001292,0
81,0.001297,0
82,0.001261,0
83,0.001323,0
84,0.001295,0
85,0.00131,0
86,0.001299,0
87,0.001274,0
88,0.001366,0
89,0.001321,0
90,0.001301,0
91,0.001315,0
92,0.001228,0
93,0.001267,0
94,0.001314,0
95,0.001267,0
96,0.001272,0
97,0.001245,0
98,0.001283,0
99,0.00127,0
100,0.001268,0
101,0.001362,0
102,0.001493,0
103,0.001433,0
104,0.001236,0
105,0.001339,0
106,0.001338,0
107,0.001334,0
108,0.001285,0
109,0.001297,0
110,0.001264,0
111,0.001311,0
112,0.001274,0
113,0.001249,0
114,0.00125,0
0,0.001205,0
1,0.001233,0
2,0.00136,0
3,0.001251,0
4,0.001192,0
5,0.001222,0
6,0.001211,0
7,0.001226,0
8,0.001203,0
9,0.001193,0
10,0.001189,0
11,0.001166,0
12,0.001184,0
13,0.001161,0
14,0.001199,0
15,0.00136,0
16,0.001293,0
17,0.001244,0
18,0.001254,0
19,0.001349,0
20,0.001303,0
21,0.001291,0
22,0.001288,0
23,0.001314,0
24,0.001277,0
25,0.001315,0
26,0.001273,0
27,0.001302,0
28,0.001313,0
29,0.001301,0
30,0.001284,0
31,0.001247,0
32,0.001394,0
33,0.001298,0
34,0.001309,0
35,0.001267,0
36,0.00144,0
37,0.001245,0
38,0.001294,0
39,0.001252,0
40,0.001303,0
41,0.001283,0
42,0.001274,0
43,0.001304,0
44,0.001312,0
45,0.001276,0
46,0.001299,0
47,0.00129,0
48,0.001298,0
49,0.001256,0
50,0.001334,0
51,0.001317,0
52,0.001299,0
53,0.001281,0
54,0.001306,0
55,0.00134,0
56,0.001246,0
57,0.001301,0
58,0.001278,0
59,0.001311,0
60,0.001302,0
61,0.001275,0
62,0.001271,0
63,0.001445,0
64,0.001308,0
65,0.001308,0
66,0.001275,0
67,0.001294,0
68,0.001288,0
69,0.001301,0
70,0.001326,0
71,0.001295,0
72,0.001315,0
73,0.0013,0
74,0.001362,0
75,0.001303,0
76,0.001279,0
77,0.001296,0
78,0.001279,0
79,0.0013,0
80,0.001246,0
81,0.001312,0
82,0.001252,0
83,0.001293,0
84,0.00126,0
85,0.001304,0
86,0.001363,0
87,0.001617,0
88,0.001245,0
89,0.001302,0
90,0.001365,0
91,0.001341,0
92,0.001268,0
93,0.001345,0
94,0.001248,0
95,0.001337,0
96,0.001308,0
97,0.001326,0
98,0.001306,0
99,0.001237,0
100,0.001277,0
101,0.001312,0
102,0.001239,0
103,0.001267,0
104,0.001271,0
105,0.001257,0
106,0.001255,0
107,0.001314,0
108,0.001282,0
109,0.001282,0
110,0.001342,0
111,0.001312,0
112,0.001297,0
113,0.001286,0
114,0.001301,0
0,0.001282,0
1,0.001255,0
2,0.001295,0
3,0.001243,0
4,0.001223,0
5,0.001207,0
6,0.001218,0
7,0.001226,0
8,0.001245,0
9,0.00123,0
10,0.00121,0
11,0.001174,0
12,0.001223,0
13,0.001158,0
14,0.001206,0
15,0.001273,0
16,0.001313,0
17,0.001325,0
18,0.001272,0
19,0.001416,0
20,0.001332,0
21,0.001317,0
22,0.001287,0
23,0.001279,0
24,0.001396,0
25,0.001335,0
26,0.001321,0
27,0.001299,0
28,0.001348,0
29,0.001297,0
30,0.001299,0
31,0.001329,0
32,0.001297,0
33,0.001296,0
34,0.001254,0
35,0.001276,0
36,0.001274,0
37,0.001289,0
38,0.00127,0
39,0.001296,0
40,0.001285,0
41,0.001278,0
42,0.001296,0
43,0.001285,0
44,0.001273,0
45,0.001289,0
46,0.001274,0
47,0.001298,0
48,0.001269,0
49,0.001306,0
50,0.001306,0
51,0.001274,0
52,0.001302,0
53,0.001272,0
54,0.001305,0
55,0.001286,0
56,0.001264,0
57,0.001302,0
58,0.001298,0
59,0.001287,0
60,0.001288,0
61,0.001268,0
62,0.001242,0
63,0.001297,0
64,0.001289,0
65,0.001302,0
66,0.001286,0
67,0.001269,0
68,0.00129,0
69,0.001304,0
70,0.00133,0
71,0.00129,0
72,0.001311,0
73,0.001303,0
74,0.001263,0
75,0.001322,0
76,0.001289,0
77,0.001278,0
78,0.001301,0
79,0.001292,0
80,0.001249,0
81,0.001318,0
82,0.001252,0
83,0.001287,0
84,0.00129,0
85,0.00128,0
86,0.001275,0
87,0.001268,0
88,0.001293,0
89,0.001293,0
90,0.001253,0
91,0.001279,0
92,0.001271,0
93,0.001394,0
94,0.001418,0
95,0.001314,0
96,0.00126,0
97,0.001295,0
98,0.001261,0
99,0.001336,0
100,0.001239,0
101,0.001304,0
102,0.00128,0
103,0.00127,0
104,0.001237,0
105,0.001242,0
106,0.001244,0
107,0.001295,0
108,0.001245,0
109,0.001247,0
110,0.001289,0
111,0.001278,0
112,0.001265,0
113,0.001293,0
114,0.001312,0
0,0.001204,0
1,0.001192,0
2,0.001375,0
3,0.001224,0
4,0.00121,0
5,0.001195,0
6,0.001189,0
7,0.001286,0
8,0.00124,0
9,0.001162,0
10,0.001178,0
11,0.001182,0
12,0.001183,0
13,0.001283,0
14,0.001189,0
15,0.001274,0
16,0.001335,0
17,0.001279,0
18,0.001332,0
19,0.001269,0
20,0.001304,0
21,0.00133,0
22,0.001302,0
23,0.001247,0
24,0.001262,0
25,0.001254,0
26,0.00126,0
27,0.001343,0
28,0.001292,0
29,0.001284,0
30,0.001315,0
31,0.001259,0
32,0.001293,0
33,0.00126,0
34,0.00127,0
35,0.001244,0
36,0.001288,0
37,0.001309,0
38,0.001266,0
39,0.001266,0
40,0.001293,0
41,0.001276,0
42,0.001284,0
43,0.001275,0
44,0.001373,0
45,0.001252,0
46,0.001287,0
47,0.001293,0
48,0.001363,0
49,0.001259,0
50,0.001275,0
51,0.001255,0
52,0.001332,0
53,0.001248,0
54,0.001273,0
55,0.001296,0
56,0.001208,0
57,0.00128,0
58,0.001325,0
59,0.001322,0
60,0.001289,0
61,0.001295,0
62,0.001327,0
63,0.001271,0
64,0.001316,0
65,0.001299,0
66,0.001238,0
67,0.001305,0
68,0.001306,0
69,0.001278,0
70,0.001241,0
71,0.00125,0
72,0.00127,0
73,0.001249,0
74,0.001267,0
75,0.001285,0
76,0.001254,0
77,0.001269,0
78,0.001277,0
79,0.00126,0
80,0.001251,0
81,0.001334,0
82,0.001264,0
83,0.001281,0
84,0.001272,0
85,0.001271,0
86,0.001298,0
87,0.001358,0
88,0.001283,0
89,0.001293,0
90,0.001237,0
91,0.001277,0
92,0.001241,0
93,0.001272,0
94,0.001266,0
95,0.001297,0
96,0.00125,0
97,0.001239,0
98,0.001289,0
99,0.001246,0
100,0.00128,0
101,0.0013,0
102,0.00133,0
103,0.001376,0
104,0.001239,0
105,0.001257,0
106,0.001276,0
107,0.00132,0
108,0.001261,0
109,0.00124,0
110,0.001273,0
111,0.001362,0
112,0.001295,0
113,0.001286,0
114,0.001413,0
0,0.001244,0
1,0.001243,0
2,0.00136,0
3,0.001223,0
4,0.00121,0
5,0.001197,0
6,0.001225,0
7,0.001221,0
8,0.001172,0
9,0.001208,0
10,0.001206,0
11,0.001178,0
12,0.001226,0
13,0.001192,0
14,0.001175,0
15,0.001259,0
16,0.001345,0
17,0.001265,0
18,0.001309,0
19,0.001297,0
20,0.001308,0
21,0.001313,0
22,0.001263,0
23,0.001261,0
24,0.00129,0
25,0.001282,0
26,0.001271,0
27,0.001308,0
28,0.001287,0
29,0.001269,0
30,0.001266,0
31,0.001291,0
32,0.001342,0
33,0.001343,0
34,0.001264,0
35,0.001266,0
36,0.00131,0
37,0.001315,0
38,0.001246,0
39,0.001376,0
40,0.001315,0
41,0.001298,0
42,0.00134,0
43,0.001298,0
44,0.001285,0
45,0.001316,0
46,0.001241,0
47,0.001328,0
48,0.001265,0
49,0.001286,0
50,0.001234,0
51,0.00133,0
52,0.001266,0
53,0.00132,0
54,0.001286,0
55,0.001297,0
56,0.001321,0
57,0.001286,0
58,0.001316,0
59,0.0013,0
60,0.00126,0
61,0.001283,0
62,0.001305,0
63,0.0013,0
64,0.001272,0
65,0.001267,0
66,0.001269,0
67,0.001281,0
68,0.001267,0
69,0.001244,0
70,0.001272,0
71,0.001325,0
72,0.001281,0
73,0.001339,0
74,0.001267,0
75,0.001258,0
76,0.001271,0
77,0.001315,0
78,0.001259,0
79,0.001294,0
80,0.001268,0
81,0.001343,0
82,0.001287,0
83,0.001282,0
84,0.001261,0
85,0.001251,0
86,0.001291,0
87,0.001272,0
88,0.001293,0
89,0.001298,0
90,0.001303,0
91,0.001258,0
92,0.001234,0
93,0.001303,0
94,0.001288,0
95,0.001299,0
96,0.001316,0
97,0.001245,0
98,0.0013,0
99,0.001315,0
100,0.001254,0
101,0.001342,0
102,0.001245,0
103,0.001336,0
104,0.001269,0
105,0.001272,0
106,0.001338,0
107,0.001296,0
108,0.001244,0
109,0.001233,0
110,0.001252,0
111,0.001287,0
112,0.001271,0
113,0.001285,0
114,0.001273,0
0,0.001214,0
1,0.001204,0
2,0.001246,0
3,0.001227,0
4,0.001226,0
5,0.001209,0
6,0.001183,0
7,0.001192,0
8,0.001208,0
9,0.001166,0
10,0.001219,0
11,0.001175,0
12,0.001186,0
13,0.001182,0
14,0.001229,0
15,0.001311,0
16,0.001356,0
17,0.001295,0
18,0.001244,0
19,0.001248,0
20,0.00124,0
21,0.001336,0
22,0.00129,0
23,0.001286,0
24,0.001362,0
25,0.001323,0
26,0.001376,0
27,0.001281,0
28,0.001301,0
29,0.001302,0
30,0.001296,0
31,0.001249,0
32,0.001303,0
33,0.001263,0
34,0.001253,0
35,0.001265,0
36,0.001333,0
37,0.001307,0
38,0.001248,0
39,0.001291,0
40,0.001317,0
41,0.001262,0
42,0.00127,0
43,0.001257,0
44,0.001281,0
45,0.00126,0
46,0.001286,0
47,0.001325,0
48,0.001267,0
49,0.001256,0
50,0.001252,0
51,0.001269,0
52,0.001264,0
53,0.001284,0
54,0.001339,0
55,0.001276,0
56,0.001225,0
57,0.001348,0
58,0.00126,0
59,0.001292,0
60,0.001233,0
61,0.001322,0
62,0.001298,0
63,0.001308,0
64,0.001278,0
65,0.017059,0
66,0.002159,0
67,0.001455,0
68,0.001288,0
69,0.001359,0
70,0.001273,0
71,0.001279,0
72,0.001298,0
73,0.001307,0
74,0.001261,0
75,0.001307,0
76,0.00131,0
77,0.001322,0
78,0.001273,0
79,0.001291,0
80,0.001249,0
81,0.001303,0
82,0.001258,0
83,0.001299,0
84,0.00124,0
85,0.00132,0
86,0.001324,0
87,0.001328,0
88,0.001289,0
89,0.001295,0
90,0.001278,0
91,0.001286,0
92,0.001225,0
93,0.001306,0
94,0.00128,0
95,0.001276,0
96,0.001284,0
97,0.001235,0
98,0.0013,0
99,0.00126,0
100,0.001225,0
101,0.001287,0
102,0.001262,0
103,0.0013,0
104,0.001255,0
105,0.001263,0
106,0.001339,0
107,0.001286,0
108,0.001379,0
109,0.001281,0
110,0.001276,0
111,0.001343,0
112,0.001349,0
113,0.001297,0
114,0.001277,0
0,0.00128,0
1,0.001276,0
2,0.001271,0
3,0.001223,0
4,0.001309,0
5,0.001277,0
6,0.001255,0
7,0.001186,0
8,0.001223,0
9,0.0012,0
10,0.001236,0
11,0.001252,0
12,0.001238,0
13,0.001227,0
14,0.00121,0
15,0.001332,0
16,0.00128,0
17,0.001305,0
18,0.001307,0
19,0.001307,0
20,0.001319,0
21,0.001311,0
22,0.001257,0
23,0.001255,0
24,0.001297,0
25,0.001297,0
26,0.001365,0
27,0.001329,0
28,0.001289,0
29,0.00129,0
30,0.001303,0
31,0.001249,0
32,0.001331,0
33,0.001351,0
34,0.001284,0
35,0.001318,0
36,0.001324,0
37,0.001284,0
38,0.001287,0
39,0.001363,0
40,0.001288,0
41,0.003915,0
42,0.001529,0
43,0.001359,0
44,0.00136,0
45,0.001338,0
46,0.001294,0
47,0.001381,0
48,0.001346,0
49,0.001307,0
50,0.001238,0
51,0.001323,0
52,0.001297,0
53,0.001479,0
54,0.001348,0
55,0.001384,0
56,0.00128,0
57,0.001315,0
58,0.001331,0
59,0.00129,0
60,0.001311,0
61,0.001325,0
62,0.001259,0
63,0.001386,0
64,0.001372,0
65,0.001356,0
66,0.001322,0
67,0.001251,0
68,0.001266,0
69,0.001348,0
70,0.001348,0
71,0.001281,0
72,0.001428,0
73,0.001292,0
74,0.001277,0
75,0.001425,0
76,0.001294,0
77,0.001366,0
78,0.001309,0
79,0.001422,0
80,0.001321,0
81,0.001405,0
82,0.001248,0
83,0.001296,0
84,0.001264,0
85,0.001378,0
86,0.001286,0
87,0.001293,0
88,0.001269,0
89,0.001379,0
90,0.001291,0
91,0.001289,0
92,0.001253,0
93,0.001277,0
94,0.00126,0
95,0.001297,0
96,0.001247,0
97,0.001284,0
98,0.001297,0
99,0.001332,0
100,0.001255,0
101,0.001381,0
102,0.001268,0
103,0.00127,0
104,0.001281,0
105,0.001267,0
106,0.162657,0
107,0.002774,0
108,0.001603,0
109,0.001427,0
110,0.001312,0
111,0.001285,0
112,0.001342,0
113,0.001354,0
114,0.001346,0
0,0.001244,0
1,0.001279,0
2,0.00129,0
3,0.001256,0
4,0.001206,0
5,0.001183,0
6,0.001215,0
7,0.001253,0
8,0.001182,0
9,0.001239,0
10,0.001208,0
11,0.001169,0
12,0.001226,0
13,0.001169,0
14,0.001199,0
15,0.001316,0
16,0.001315,0
17,0.001315,0
18,0.001262,0
19,0.001303,0
20,0.001304,0
21,0.001339,0
22,0.001271,0
23,0.001242,0
24,0.001281,0
25,0.00132,0
26,0.001285,0
27,0.001389,0
28,0.001297,0
29,0.001262,0
30,0.00126,0
31,0.0014,0
32,0.001335,0
33,0.001274,0
34,0.001288,0
35,0.001299,0
36,0.001287,0
37,0.0013,0
38,0.001305,0
39,0.001251,0
40,0.001246,0
41,0.001271,0
42,0.001279,0
43,0.001276,0
44,0.001258,0
45,0.001314,0
46,0.001324,0
47,0.001297,0
48,0.001268,0
49,0.001365,0
50,0.001293,0
51,0.001318,0
52,0.001248,0
53,0.001317,0
54,0.001315,0
55,0.001371,0
56,0.001239,0
57,0.001372,0
58,0.001277,0
59,0.001292,0
60,0.001274,0
61,0.001259,0
62,0.001346,0
63,0.001325,0
64,0.001353,0
65,0.001248,0
66,0.00128,0
67,0.001326,0
68,0.001258,0
69,0.001278,0
70,0.001277,0
71,0.001285,0
72,0.001337,0
73,0.001318,0
74,0.001241,0
75,0.001264,0
76,0.001269,0
77,0.001262,0
78,0.001322,0
79,0.001244,0
80,0.001278,0
81,0.001336,0
82,0.001276,0
83,0.001277,0
84,0.001301,0
85,0.001255,0
86,0.001318,0
87,0.001266,0
88,0.001237,0
89,0.00128,0
90,0.001314,0
91,0.001332,0
92,0.001258,0
93,0.001294,0
94,0.001265,0
95,0.001306,0
96,0.001271,0
97,0.00131,0
98,0.001303,0
99,0.001235,0
100,0.001353,0
101,0.00147,0
102,0.001247,0
103,0.001308,0
104,0.0013,0
105,0.00132,0
106,0.001284,0
107,0.001303,0
108,0.001298,0
109,0.001336,0
110,0.001328,0
111,0.001306,0
112,0.001275,0
113,0.001232,0
114,0.001257,0
0,0.001211,0
1,0.001214,0
2,0.001313,0
3,0.00122,0
4,0.001253,0
5,0.001217,0
6,0.001281,0
7,0.001179,0
8,0.001218,0
9,0.001228,0
10,0.001229,0
11,0.001173,0
12,0.001181,0
13,0.001191,0
14,0.001164,0
15,0.001347,0
16,0.001311,0
17,0.001296,0
18,0.001315,0
19,0.001332,0
20,0.001268,0
21,0.001321,0
22,0.001222,0
23,0.001301,0
24,0.001266,0
25,0.001318,0
26,0.001249,0
27,0.001285,0
28,0.001264,0
29,0.001247,0
30,0.001326,0
31,0.001268,0
32,0.001293,0
33,0.001324,0
34,0.001316,0
35,0.001259,0
36,0.001325,0
37,0.001253,0
38,0.001283,0
39,0.001335,0
40,0.001241,0
41,0.001254,0
42,0.001282,0
43,0.001237,0
44,0.001285,0
45,0.001336,0
46,0.001264,0
47,0.001319,0
48,0.001259,0
49,0.00128,0
50,0.001315,0
51,0.00127,0
52,0.001275,0
53,0.001263,0
54,0.001281,0
55,0.001347,0
56,0.001268,0
57,0.001249,0
58,0.001274,0
59,0.001277,0
60,0.001286,0
61,0.00129,0
62,0.001226,0
63,0.001345,0
64,0.001286,0
65,0.001321,0
66,0.001262,0
67,0.00128,0
68,0.001297,0
69,0.001274,0
70,0.001284,0
71,0.001299,0
72,0.001329,0
73,0.001346,0
74,0.00137,0
75,0.001297,0
76,0.001312,0
77,0.001354,0
78,0.001258,0
79,0.001299,0
80,0.001265,0
81,0.001301,0
82,0.001246,0
83,0.001259,0
84,0.001278,0
85,0.001264,0
86,0.0013,0
87,0.001267,0
88,0.001263,0
89,0.001289,0
90,0.001268,0
91,0.001264,0
92,0.001298,0
93,0.001332,0
94,0.001288,0
95,0.001295,0
96,0.001275,0
97,0.0013,0
98,0.001261,0
99,0.001298,0
100,0.00128,0
101,0.001317,0
102,0.001286,0
103,0.001274,0
104,0.001274,0
105,0.001227,0
106,0.00131,0
107,0.001256,0
108,0.001309,0
109,0.00127,0
110,0.001254,0
111,0.001238,0
112,0.001283,0
113,0.00133,0
114,0.001256,0
0,0.001229,0
1,0.001257,0
2,0.001324,0
3,0.001205,0
4,0.001199,0
5,0.001186,0
6,0.00123,0
7,0.001262,0
8,0.001224,0
9,0.00138,0
10,0.001335,0
11,0.001199,0
12,0.001246,0
13,0.001249,0
14,0.001193,0
15,0.001312,0
16,0.001267,0
17,0.001295,0
18,0.001325,0
19,0.001257,0
20,0.001374,0
21,0.00131,0
22,0.001257,0
23,0.001276,0
24,0.001283,0
25,0.001278,0
26,0.0013,0
27,0.001302,0
28,0.001288,0
29,0.001298,0
30,0.001286,0
31,0.001287,0
32,0.001268,0
33,0.001286,0
34,0.001244,0
35,0.001315,0
36,0.001351,0
37,0.001243,0
38,0.00127,0
39,0.00133,0
40,0.001301,0
41,0.001272,0
42,0.001268,0
43,0.001272,0
44,0.001298,0
45,0.001222,0
46,0.001338,0
47,0.001328,0
48,0.00128,0
49,0.001252,0
50,0.001277,0
51,0.001351,0
52,0.046198,0
53,0.001609,0
54,0.001349,0
55,0.001335,0
56,0.00131,0
57,0.001294,0
58,0.001439,0
59,0.001305,0
60,0.001298,0
61,0.001291,0
62,0.001253,0
63,0.001345,0
64,0.001303,0
65,0.001306,0
66,0.001289,0
67,0.001294,0
68,0.001385,0
69,0.001468,0
70,0.001304,0
71,0.001304,0
72,0.001322,0
73,0.001315,0
74,0.001218,0
75,0.001296,0
76,0.001325,0
77,0.001314,0
78,0.001296,0
79,0.001224,0
80,0.001288,0
81,0.001308,0
82,0.001266,0
83,0.001282,0
84,0.001271,0
85,0.001252,0
86,0.001328,0
87,0.001271,0
88,0.001282,0
89,0.001289,0
90,0.001242,0
91,0.001259,0
92,0.0013,0
93,0.001262,0
94,0.001255,0
95,0.001257,0
96,0.001274,0
97,0.001238,0
98,0.001311,0
99,0.001327,0
100,0.001237,0
101,0.001315,0
102,0.001226,0
103,0.00124,0
104,0.001272,0
105,0.001268,0
106,0.001256,0
107,0.016928,0
108,0.002115,0
109,0.001547,0
110,0.00129,0
111,0.001368,0
112,0.001283,0
113,0.001323,0
114,0.001355,0
0,0.001245,0
1,0.001271,0
2,0.001269,0
3,0.001252,0
4,0.001324,0
5,0.001269,0
6,0.00123,0
7,0.001202,0
8,0.001237,0
9,0.001282,0
10,0.001408,0
11,0.001223,0
12,0.0013,0
13,0.001212,0
14,0.001175,0
15,0.001379,0
16,0.00132,0
17,0.001292,0
18,0.001321,0
19,0.001292,0
20,0.001327,0
21,0.001347,0
22,0.001337,0
23,0.001283,0
24,0.00132,0
25,0.001359,0
26,0.001351,0
27,0.001322,0
28,0.001339,0
29,0.001259,0
30,0.001346,0
31,0.001296,0
32,0.001343,0
33,0.001323,0
34,0.001327,0
35,0.001333,0
36,0.001306,0
37,0.001335,0
38,0.001416,0
39,0.001372,0
40,0.001328,0
41,0.001283,0
42,0.001256,0
43,0.001552,0
44,0.001264,0
45,0.001313,0
46,0.001271,0
47,0.001306,0
48,0.001337,0
49,0.001329,0
50,0.001254,0
51,0.001297,0
52,0.001265,0
53,0.001245,0
54,0.001266,0
55,0.001319,0
56,0.001229,0
57,0.001294,0
58,0.00142,0
59,0.001273,0
60,0.001277,0
61,0.001259,0
62,0.00133,0
63,0.001297,0
64,0.001299,0
65,0.001264,0
66,0.001278,0
67,0.001247,0
68,0.001271,0
69,0.001287,0
70,0.001389,0
71,0.001299,0
72,0.001352,0
73,0.001335,0
74,0.001293,0
75,0.001289,0
76,0.001249,0
77,0.001263,0
78,0.00129,0
79,0.001277,0
80,0.001241,0
81,0.001275,0
82,0.001281,0
83,0.001268,0
84,0.00133,0
85,0.00125,0
86,2.046632,0
87,0.007506,0
88,0.001721,0
89,0.001616,0
90,0.001505,0
91,0.001445,0
92,0.001364,0
93,0.001285,0
94,0.001302,0
95,0.001405,0
96,0.001444,0
97,0.001365,0
98,0.001308,0
99,0.001262,0
100,0.001333,0
101,0.001312,0
102,0.00134,0
103,0.001389,0
104,0.001334,0
105,0.00125,0
106,0.001283,0
107,0.001278,0
108,0.001317,0
109,0.001372,0
110,0.001313,0
111,0.001286,0
112,0.001258,0
113,0.001383,0
114,0.001314,0
0,0.001344,0
1,0.001309,0
2,0.00135,0
3,0.00127,0
4,0.0013,0
5,0.001195,0
6,0.001218,0
7,0.001347,0
8,0.001206,0
9,0.001233,0
10,0.001189,0
11,0.001186,0
12,0.001307,0
13,0.001188,0
14,0.0012,0
15,0.001444,0
16,0.001289,0
17,0.001313,0
18,0.001406,0
19,0.001348,0
20,0.001353,0
21,0.001279,0
22,0.001319,0
23,0.001323,0
24,0.001341,0
25,0.001294,0
26,0.00129,0
27,0.001278,0
28,0.001292,0
29,0.001304,0
30,0.001277,0
31,0.001274,0
32,0.001349,0
33,0.001308,0
34,0.001298,0
35,0.001305,0
36,0.001356,0
37,0.001322,0
38,0.001316,0
39,0.001285,0
40,0.00133,0
41,0.001339,0
42,0.001262,0
43,0.001279,0
44,0.001334,0
45,0.001244,0
46,0.001275,0
47,0.001368,0
48,0.001317,0
49,0.001331,0
50,0.00129,0
51,0.001341,0
52,0.001347,0
53,0.001272,0
54,0.00133,0
55,0.001302,0
56,0.001325,0
57,0.001307,0
58,0.001295,0
59,0.001329,0
60,0.001267,0
61,0.001262,0
62,0.001379,0
63,0.001336,0
64,0.001351,0
65,0.001358,0
66,0.001242,0
67,0.001426,0
68,0.001295,0
69,0.001311,0
70,0.00138,0
71,0.001282,0
72,0.001336,0
73,0.001311,0
74,0.00138,0
75,0.001268,0
76,0.001318,0
77,0.001341,0
78,0.001275,0
79,0.001311,0
80,0.001259,0
81,0.001279,0
82,0.001323,0
83,0.001341,0
84,0.001311,0
85,0.001289,0
86,0.001328,0
87,0.001316,0
88,0.001365,0
89,0.001326,0
90,0.001308,0
91,0.001263,0
92,0.001293,0
93,0.001286,0
94,0.001254,0
95,0.001373,0
96,0.001252,0
97,0.001263,0
98,0.001304,0
99,0.001326,0
100,0.001287,0
101,0.001362,0
102,0.001283,0
103,0.001316,0
104,0.00128,0
105,0.00124,0
106,0.00127,0
107,0.001275,0
108,0.001269,0
109,0.001269,0
110,0.001375,0
111,0.001384,0
112,0.001267,0
113,0.001325,0
114,0.00131,0
0,0.00123,0
1,0.001209,0
2,0.001257,0
3,0.001201,0
4,0.001211,0
5,0.001223,0
6,0.001222,0
7,0.001234,0
8,0.001204,0
9,0.001193,0
10,0.001241,0
11,0.001187,0
12,0.001202,0
13,0.001172,0
14,0.001188,0
15,0.001326,0
16,0.001325,0
17,0.00125,0
18,0.001288,0
19,0.001271,0
20,0.001325,0
21,0.001297,0
22,0.001281,0
23,0.001339,0
24,0.001269,0
25,0.001311,0
26,0.001301,0
27,0.00133,0
28,0.001277,0
29,0.001265,0
30,0.001293,0
31,0.005793,0
32,0.001308,0
33,0.001282,0
34,0.001346,0
35,0.001248,0
36,0.001384,0
37,0.001331,0
38,0.001302,0
39,0.001292,0
40,0.001298,0
41,0.001363,0
42,0.001259,0
43,0.001292,0
44,0.001334,0
45,0.001293,0
46,0.001235,0
47,0.001325,0
48,0.001303,0
49,0.001369,0
50,0.001334,0
51,0.001274,0
52,0.001342,0
53,0.00131,0
54,0.001319,0
55,0.001333,0
56,0.001236,0
57,0.001293,0
58,0.00131,0
59,0.001256,0
60,0.001316,0
61,0.001312,0
62,0.001285,0
63,0.001289,0
64,0.001289,0
65,0.001483,0
66,0.001329,0
67,0.001316,0
68,0.001314,0
69,0.001304,0
70,0.001318,0
71,0.001327,0
72,0.001297,0
73,0.001356,0
74,0.001251,0
75,0.001332,0
76,0.001286,0
77,0.001344,0
78,0.001337,0
79,0.001319,0
80,0.001277,0
81,0.001269,0
82,0.001285,0
83,0.001286,0
84,0.001254,0
85,0.001304,0
86,0.001333,0
87,0.001291,0
88,0.001274,0
89,0.001294,0
90,0.001231,0
91,0.001267,0
92,0.001214,0
93,0.001269,0
94,0.001288,0
95,0.001339,0
96,0.001262,0
97,0.001259,0
98,0.001282,0
99,0.001242,0
100,0.001233,0
101,0.001281,0
102,0.001253,0
103,0.001258,0
104,0.001268,0
105,0.001242,0
106,0.001258,0
107,0.001289,0
108,0.001251,0
109,0.00124,0
110,0.001301,0
111,0.00127,0
112,0.00128,0
113,0.001274,0
114,0.001288,0
0,0.00127,0
1,0.001216,0
2,0.001279,0
3,0.001186,0
4,0.001195,0
5,0.001219,0
6,0.001192,0
7,0.001221,0
8,0.001185,0
9,0.001201,0
10,0.001194,0
11,0.001207,0
12,0.001203,0
13,0.001268,0
14,0.001177,0
15,0.001308,0
16,0.001277,0
17,0.001289,0
18,0.001318,0
19,0.00129,0
20,0.001388,0
21,0.00131,0
22,0.00126,0
23,0.001273,0
24,0.001327,0
25,0.001281,0
26,0.001338,0
27,0.001277,0
28,0.001261,0
29,0.001251,0
30,0.001295,0
31,0.001311,0
32,0.001284,0
33,0.00126,0
34,0.001321,0
35,0.001237,0
36,0.001355,0
37,0.001293,0
38,0.001278,0
39,0.001308,0
40,0.00135,0
41,0.001325,0
42,0.001272,0
43,0.001282,0
44,0.001311,0
45,0.001254,0
46,0.001329,0
47,0.001334,0
48,0.001298,0
49,0.00136,0
50,0.001255,0
51,0.001263,0
52,0.001271,0
53,0.001305,0
54,0.001295,0
55,0.001283,0
56,0.001274,0
57,0.001275,0
58,0.001326,0
59,0.001254,0
60,0.001287,0
61,0.001334,0
62,0.001295,0
63,0.001316,0
64,0.001344,0
65,0.001252,0
66,0.00128,0
67,0.001247,0
68,0.001368,0
69,0.001291,0
70,0.001284,0
71,0.001291,0
72,0.001316,0
73,0.001236,0
74,0.001239,0
75,0.00128,0
76,0.001329,0
77,0.001296,0
78,0.001309,0
79,0.001247,0
80,0.001306,0
81,0.001253,0
82,0.001277,0
83,0.001291,0
84,0.00124,0
85,0.001282,0
86,0.001276,0
87,0.001263,0
88,0.001265,0
89,0.001272,0
90,0.001276,0
91,0.001317,0
92,0.001257,0
93,0.001252,0
94,0.001295,0
95,0.001272,0
96,0.001255,0
97,0.001252,0
98,0.001279,0
99,0.001274,0
100,0.001259,0
101,0.001297,0
102,0.001231,0
103,0.001249,0
104,0.001275,0
105,0.001295,0
106,0.001293,0
107,0.001275,0
108,0.001233,0
109,0.001263,0
110,0.001301,0
111,0.001282,0
112,0.00137,0
113,0.001254,0
114,0.001317,0
0,0.001219,0
1,0.001233,0
2,0.001314,0
3,0.001235,0
4,0.001241,0
5,0.001215,0
6,0.001277,0
7,0.001212,0
8,0.001225,0
9,0.001226,0
10,0.001213,0
11,0.001225,0
12,0.001233,0
13,0.001594,0
14,0.001259,0
15,0.001397,0
16,0.001338,0
17,0.001261,0
18,0.001261,0
19,0.001325,0
20,0.001276,0
21,0.001318,0
22,0.001254,0
23,0.00124,0
24,0.001276,0
25,0.001275,0
26,0.001301,0
27,0.001276,0
28,0.001275,0
29,0.001267,0
30,0.00128,0
31,0.001233,0
32,0.001305,0
33,0.001292,0
34,0.001318,0
35,0.001289,0
36,0.001285,0
37,0.001303,0
38,0.001317,0
39,0.001266,0
40,0.001328,0
41,0.001235,0
42,0.001283,0
43,0.001249,0
44,0.001401,0
45,0.00132,0
46,0.001288,0
47,0.001397,0
48,0.001276,0
49,0.001254,0
50,0.001271,0
51,0.001274,0
52,0.001267,0
53,0.001265,0
54,0.001252,0
55,0.001306,0
56,0.001283,0
57,0.001298,0
58,0.001327,0
59,0.001256,0
60,0.001239,0
61,0.001342,0
62,0.001251,0
63,0.001325,0
64,0.001313,0
65,0.001261,0
66,0.001261,0
67,0.001348,0
68,0.001285,0
69,0.001286,0
70,0.00128,0
71,0.001239,0
72,0.0013,0
73,0.00124,0
74,0.001234,0
75,0.001286,0
76,0.0013,0
77,0.001265,0
78,0.00126,0
79,0.001283,0
80,0.001309,0
81,0.001272,0
82,0.001244,0
83,0.001309,0
84,0.001254,0
85,0.00125,0
86,0.001288,0
87,0.00127,0
88,0.001269,0
89,0.001247,0
90,0.001244,0
91,0.001249,0
92,0.001266,0
93,0.001331,0
94,0.001238,0
95,0.001286,0
96,0.001269,0
97,0.001262,0
98,0.001281,0
99,0.001296,0
100,0.001223,0
101,0.001294,0
102,0.001245,0
103,0.00631,0
104,0.001589,0
105,0.001385,0
106,0.001336,0
107,0.001309,0
108,0.001348,0
109,0.001294,0
110,0.0013,0
111,0.001386,0
112,0.00134,0
113,0.001279,0
114,0.001285,0
0,0.001205,0
1,0.001269,0
2,0.001285,0
3,0.001203,0
4,0.001248,0
5,0.001193,0
6,0.001342,0
7,0.001203,0
8,0.001258,0
9,0.001195,0
10,0.001223,0
11,0.001196,0
12,0.001248,0
13,0.00119,0
14,0.001168,0
15,0.001379,0
16,0.001287,0
17,0.001307,0
18,0.001246,0
19,0.001294,0
20,0.001241,0
21,0.001314,0
22,0.001253,0
23,0.001233,0
24,0.001268,0
25,0.001249,0
26,0.001293,0
27,0.001338,0
28,0.001269,0
29,0.001274,0
30,0.001299,0
31,0.00127,0
32,0.001277,0
33,0.001248,0
34,0.001291,0
35,0.001297,0
36,0.001283,0
37,0.001334,0
38,0.00126,0
39,0.001349,0
40,0.001274,0
41,0.00128,0
42,0.001319,0
43,0.001267,0
44,0.031809,0
45,0.002847,0
46,0.00152,0
47,0.001355,0
48,0.001375,0
49,0.001367,0
50,0.001292,0
51,0.001317,0
52,0.001295,0
53,0.001271,0
54,0.001309,0
55,0.001292,0
56,0.001412,0
57,0.001326,0
58,0.00132,0
59,0.001401,0
60,0.00134,0
61,0.001234,0
62,0.001268,0
63,0.001353,0
64,0.001328,0
65,0.001425,0
66,0.001247,0
67,0.001293,0
68,0.001261,0
69,0.001288,0
70,0.00131,0
71,0.001355,0
72,0.001337,0
73,0.001306,0
74,0.00131,0
75,0.001271,0
76,0.00133,0
77,0.001245,0
78,0.00131,0
79,0.001321,0
80,0.00134,0
81,0.001261,0
82,0.00131,0
83,0.00131,0
84,0.001296,0
85,0.001303,0
86,0.001322,0
87,0.001286,0
88,0.001305,0
89,0.001267,0
90,0.001324,0
91,0.001426,0
92,0.001365,0
93,0.001285,0
94,0.00132,0
95,0.001304,0
96,0.001288,0
97,0.001293,0
98,0.00135,0
99,0.001292,0
100,0.001229,0
101,0.001378,0
102,0.001253,0
103,0.001275,0
104,0.001312,0
105,0.001293,0
106,0.001273,0
107,0.001283,0
108,0.001292,0
109,0.001252,0
110,0.001327,0
111,0.001375,0
112,0.001592,0
113,0.001317,0
114,0.001274,0
0,0.001215,0
1,0.001203,0
2,0.013658,0
3,0.002007,0
4,0.001344,0
5,0.001235,0
6,0.001246,0
7,0.001237,0
8,0.001214,0
9,0.00124,0
10,0.001201,0
11,0.001224,0
12,0.001221,0
13,0.001232,0
14,0.001195,0
15,0.00134,0
16,0.001318,0
17,0.001279,0
18,0.001331,0
19,0.001342,0
20,0.001337,0
21,0.001324,0
22,0.00129,0
23,0.001256,0
24,0.001304,0
25,0.001301,0
26,0.001298,0
27,0.001298,0
28,0.00129,0
29,0.001283,0
30,0.001341,0
31,0.001284,0
32,0.00129,0
33,0.001275,0
34,0.001321,0
35,0.00128,0
36,0.001356,0
37,0.001255,0
38,0.001305,0
39,0.001275,0
40,0.001351,0
41,0.001335,0
42,0.001326,0
43,0.001324,0
44,0.0013,0
45,0.001291,0
46,0.001362,0
47,0.001293,0
48,0.001344,0
49,0.001279,0
50,0.001299,0
51,0.001323,0
52,0.001285,0
53,0.001266,0
54,0.001329,0
55,0.0013,0
56,0.00135,0
57,0.001299,0
58,0.001332,0
59,0.001261,0
60,0.001287,0
61,0.00128,0
62,0.001268,0
63,0.001285,0
64,0.001356,0
65,0.001275,0
66,0.001367,0
67,0.00128,0
68,0.001302,0
69,0.001254,0
70,0.001365,0
71,0.001299,0
72,0.00126,0
73,0.001314,0
74,0.001238,0
75,0.001294,0
76,0.001278,0
77,0.001252,0
78,0.001324,0
79,0.001239,0
80,0.001302,0
81,0.001304,0
82,0.001281,0
83,0.001263,0
84,0.00132,0
85,0.001278,0
86,0.001267,0
87,0.001303,0
88,0.00127,0
89,0.001284,0
90,0.001306,0
91,0.001249,0
92,0.001247,0
93,0.001266,0
94,0.001242,0
95,0.001289,0
96,0.001256,0
97,0.001256,0
98,0.001294,0
99,0.001275,0
100,0.001272,0
101,0.001314,0
102,0.001273,0
103,0.001276,0
104,0.001243,0
105,0.001294,0
106,0.001285,0
107,0.001279,0
108,0.00124,0
109,0.001282,0
110,0.001283,0
111,0.001309,0
112,0.001289,0
113,0.001337,0
114,0.001311,0
0,0.001222,0
1,0.001252,0
2,0.001226,0
3,0.001223,0
4,0.001287,0
5,0.001284,0
6,0.00125,0
7,0.001215,0
8,0.001229,0
9,0.001175,0
10,0.001239,0
11,0.001233,0
12,0.001483,0
13,0.001218,0
14,0.001248,0
15,0.001298,0
16,0.001331,0
17,0.0013,0
18,0.001312,0
19,0.001304,0
20,0.001351,0
21,0.001289,0
22,0.001397,0
23,0.001282,0
24,0.001444,0
25,0.001288,0
26,0.001342,0
27,0.001253,0
28,0.001287,0
29,0.001228,0
30,0.001297,0
31,0.001252,0
32,0.001391,0
33,0.001435,0
34,0.001313,0
35,0.001315,0
36,0.00139,0
37,0.00132,0
38,0.001367,0
39,0.001309,0
40,0.001361,0
41,0.001328,0
42,0.00141,0
43,0.001292,0
44,0.00128,0
45,0.001337,0
46,0.00128,0
47,0.00133,0
48,0.001312,0
49,0.001358,0
50,0.001231,0
51,0.001302,0
52,0.001349,0
53,0.001246,0
54,0.001247,0
55,0.001315,0
56,0.001401,0
57,0.001431,0
58,0.001484,0
59,0.001325,0
60,0.001341,0
61,0.001251,0
62,0.001341,0
63,0.001344,0
64,0.001316,0
65,0.001328,0
66,0.001318,0
67,0.001284,0
68,0.001359,0
69,0.00133,0
70,0.00132,0
71,0.001349,0
72,0.001326,0
73,0.001348,0
74,0.001236,0
75,0.001298,0
76,0.001275,0
77,0.001275,0
78,0.001318,0
79,0.00127,0
80,0.001281,0
81,0.001317,0
82,0.001331,0
83,0.001277,0
84,0.001323,0
85,0.001272,0
86,0.00129,0
87,0.001301,0
88,0.001311,0
89,0.001295,0
90,0.001351,0
91,0.00126,0
92,0.001285,0
93,0.001336,0
94,0.001287,0
95,0.001318,0
96,0.001365,0
97,0.001277,0
98,0.001431,0
99,0.001296,0
100,0.001262,0
101,0.001325,0
102,0.001269,0
103,0.001293,0
104,0.001343,0
105,0.001279,0
106,0.001282,0
107,0.001286,0
108,0.001261,0
109,0.001308,0
110,0.001263,0
111,0.0013,0
112,0.001261,0
113,0.001306,0
114,0.001304,0
0,0.001238,0
1,0.001219,0
2,0.001267,0
3,0.001221,0
4,0.001216,0
5,0.001159,0
6,0.001181,0
7,0.001223,0
8,0.00126,0
9,0.001197,0
10,0.001196,0
11,0.001186,0
12,0.001179,0
13,0.001292,0
14,0.001214,0
15,0.001306,0
16,0.001384,0
17,0.001272,0
18,0.001278,0
19,0.001276,0
20,0.001325,0
21,0.001303,0
22,0.001281,0
23,0.001308,0
24,0.001334,0
25,0.001282,0
26,0.001338,0
27,0.001282,0
28,0.001298,0
29,0.001274,0
30,0.00129,0
31,0.001386,0
32,0.001313,0
33,0.001323,0
34,0.001265,0
35,0.001311,0
36,0.001328,0
37,0.001246,0
38,0.001317,0
39,0.001334,0
40,0.001325,0
41,0.001306,0
42,0.001282,0
43,0.001247,0
44,0.001282,0
45,0.001313,0
46,0.001334,0
47,0.001307,0
48,0.001264,0
49,0.001267,0
50,0.001273,0
51,0.001336,0
52,0.001336,0
53,0.001256,0
54,0.001247,0
55,0.001267,0
56,0.001288,0
57,0.001268,0
58,0.001334,0
59,0.001254,0
60,0.001275,0
61,0.001288,0
62,0.001234,0
63,0.001276,0
64,0.001285,0
65,0.001276,0
66,0.00127,0
67,0.00127,0
68,0.001261,0
69,0.001253,0
70,0.001269,0
71,0.001236,0
72,0.001328,0
73,0.001278,0
74,0.001272,0
75,0.001276,0
76,0.001294,0
77,0.00121,0
78,0.001366,0
79,0.00125,0
80,0.001265,0
81,0.001292,0
82,0.00127,0
83,0.001274,0
84,0.001272,0
85,0.001266,0
86,0.00126,0
87,0.001277,0
88,0.001248,0
89,0.001356,0
90,0.001284,0
91,0.001255,0
92,0.001324,0
93,0.001364,0
94,0.001311,0
95,0.001286,0
96,0.0013,0
97,0.001334,0
98,0.00129,0
99,0.0013,0
100,0.00125,0
101,0.00138,0
102,0.001313,0
103,0.001324,0
104,0.001279,0
105,0.001237,0
106,0.001275,0
107,0.001307,0
108,0.001249,0
109,0.001267,0
110,0.001371,0
111,0.001311,0
112,0.001299,0
113,0.001319,0
114,0.001276,0
0,0.001249,0
1,0.001214,0
2,0.001268,0
3,0.001184,0
4,0.001211,0
5,0.001195,0
6,0.001247,0
7,0.001186,0
8,0.001205,0
9,0.001196,0
10,0.00124,0
11,0.001175,0
12,0.001234,0
13,0.0012,0
14,0.001198,0
15,0.001356,0
16,0.001286,0
17,0.001324,0
18,0.001275,0
19,0.001321,0
20,0.001334,0
21,0.001267,0
22,0.001302,0
23,0.001264,0
24,0.001335,0
25,0.00129,0
26,0.001311,0
27,0.001289,0
28,0.001305,0
29,0.001254,0
30,0.001319,0
31,0.001232,0
32,0.001296,0
33,0.001327,0
34,0.001285,0
35,0.001263,0
36,0.001277,0
37,0.001223,0
38,0.001295,0
39,0.001272,0
40,0.001281,0
41,0.001267,0
42,0.001266,0
43,0.001286,0
44,0.001271,0
45,0.001393,0
46,0.001254,0
47,0.001307,0
48,0.001304,0
49,0.001288,0
50,0.001248,0
51,0.00127,0
52,0.001275,0
53,0.001265,0
54,0.001286,0
55,0.001276,0
56,0.001348,0
57,0.001257,0
58,0.001322,0
59,0.00128,0
60,0.001248,0
61,0.001288,0
62,0.001346,0
63,0.001266,0
64,0.001319,0
65,0.001276,0
66,0.001268,0
67,0.001296,0
68,0.001319,0
69,0.001267,0
70,0.001266,0
71,0.001281,0
72,0.001293,0
73,0.001299,0
74,0.001273,0
75,0.001275,0
76,0.0013,0
77,0.001254,0
78,0.001284,0
79,0.00123,0
80,0.001256,0
81,0.001275,0
82,0.00129,0
83,0.0013,0
84,0.001282,0
85,0.00132,0
86,0.00129,0
87,0.001296,0
88,0.001305,0
89,0.00125,0
90,0.001287,0
91,0.001331,0
92,0.00128,0
93,0.001237,0
94,0.001259,0
95,0.001228,0
96,0.001345,0
97,0.001258,0
98,0.00128,0
99,0.001247,0
100,0.001255,0
101,0.001289,0
102,0.001288,0
103,0.001247,0
104,0.001299,0
105,0.001266,0
106,0.001276,0
107,0.001251,0
108,0.001297,0
109,0.001253,0
110,0.001287,0
111,0.001296,0
112,0.001315,0
113,0.001298,0
114,0.001271,0
0,0.001191,0
1,0.001231,0
2,0.001338,0
3,0.00119,0
4,0.001244,0
5,0.001221,0
6,0.001234,0
7,0.001224,0
8,0.001188,0
9,0.001203,0
10,0.001201,0
11,0.00116,0
12,0.001222,0
13,0.001189,0
14,0.001166,0
15,0.001299,0
16,0.001343,0
17,0.001297,0
18,0.001307,0
19,0.001278,0
20,0.001294,0
21,0.00128,0
22,0.001251,0
23,0.001271,0
24,0.001347,0
25,0.001242,0
26,0.001331,0
27,0.001263,0
28,0.00131,0
29,0.001231,0
30,0.001328,0
31,0.001313,0
32,0.001385,0
33,0.001327,0
34,0.001283,0
35,0.001295,0
36,0.001306,0
37,0.001269,0
38,0.001296,0
39,0.001268,0
40,0.001281,0
41,0.001364,0
42,0.001306,0
43,0.001279,0
44,0.001288,0
45,0.001305,0
46,0.00125,0
47,0.001318,0
48,0.001322,0
49,0.001312,0
50,0.00125,0
51,0.001334,0
52,0.001276,0
53,0.001275,0
54,0.001249,0
55,0.001326,0
56,0.001251,0
57,0.001301,0
58,0.001316,0
59,0.001287,0
60,0.001249,0
61,0.001278,0
62,0.001297,0
63,0.001284,0
64,0.001274,0
65,0.001296,0
66,0.001263,0
67,0.001368,0
68,0.001256,0
69,0.00127,0
70,0.001343,0
71,0.00127,0
72,0.001335,0
73,0.001262,0
74,0.001284,0
75,0.001281,0
76,0.00132,0
77,0.001258,0
78,0.001303,0
79,0.001254,0
80,0.001292,0
81,0.001267,0
82,0.00128,0
83,0.001323,0
84,0.00131,0
85,0.001281,0
86,0.001269,0
87,0.001298,0
88,0.001286,0
89,0.001267,0
90,0.001245,0
91,0.001259,0
92,0.001259,0
93,0.00124,0
94,0.00133,0
95,0.001274,0
96,0.001271,0
97,0.001267,0
98,0.001326,0
99,0.001254,0
100,0.001245,0
101,0.001297,0
102,0.001364,0
103,0.001386,0
104,0.001322,0
105,0.001296,0
106,0.001291,0
107,0.001284,0
108,0.001259,0
109,0.001334,0
110,0.001301,0
111,0.001353,0
112,0.00127,0
113,0.001272,0
114,0.016635,0
0,0.002182,0
1,0.001466,0
2,0.001324,0
3,0.001288,0
4,0.001274,0
5,0.001193,0
6,0.001254,0
7,0.001209,0
8,0.001243,0
9,0.001192,0
10,0.00123,0
11,0.001175,0
12,0.001217,0
13,0.00121,0
14,0.001189,0
15,0.001363,0
16,0.001297,0
17,0.001291,0
18,0.001296,0
19,0.001281,0
20,0.001316,0
21,0.0013,0
22,0.00125,0
23,0.001254,0
24,0.001251,0
25,0.001243,0
26,0.001283,0
27,0.001279,0
28,0.001332,0
29,0.001273,0
30,0.001299,0
31,0.001257,0
32,0.001279,0
33,0.001247,0
34,0.001252,0
35,0.001257,0
36,0.001297,0
37,0.001263,0
38,0.00126,0
39,0.001264,0
40,0.001349,0
41,0.001254,0
42,0.001303,0
43,0.001245,0
44,0.0013,0
45,0.001255,0
46,0.001286,0
47,0.001282,0
48,0.001275,0
49,0.00123,0
50,0.001259,0
51,0.001257,0
52,0.001265,0
53,0.001254,0
54,0.001249,0
55,0.001302,0
56,0.001266,0
57,0.001256,0
58,0.001317,0
59,0.001307,0
60,0.001312,0
61,0.001257,0
62,0.001297,0
63,0.001313,0
64,0.001311,0
65,0.001387,0
66,0.001279,0
67,0.001308,0
68,0.001254,0
69,0.001278,0
70,0.00128,0
71,0.001293,0
72,0.00129,0
73,0.001255,0
74,0.001267,0
75,0.001281,0
76,0.001324,0
77,0.001261,0
78,0.001358,0
79,0.001257,0
80,0.001316,0
81,0.001254,0
82,0.001398,0
83,0.001288,0
84,0.001276,0
85,0.001265,0
86,0.001354,0
87,0.001294,0
88,0.001367,0
89,0.00128,0
90,0.001262,0
91,0.001252,0
92,0.001334,0
93,0.001278,0
94,0.00127,0
95,0.001288,0
96,0.001262,0
97,0.001282,0
98,0.00133,0
99,0.001256,0
100,0.001234,0
101,0.001257,0
102,0.001313,0
103,0.001264,0
104,0.001289,0
105,0.001246,0
106,0.001251,0
107,0.00125,0
108,0.00126,0
109,0.001278,0
110,0.001352,0
111,0.001322,0
112,0.001256,0
113,0.001261,0
114,0.001265,0
0,0.001215,0
1,0.001208,0
2,0.001284,0
3,0.001212,0
4,0.00123,0
5,0.001187,0
6,0.001222,0
7,0.001218,0
8,0.001167,0
9,0.001182,0
10,0.001182,0
11,0.0012,0
12,0.001177,0
13,0.001163,0
14,0.001209,0
15,0.001251,0
16,0.001304,0
17,0.001345,0
18,0.001237,0
19,0.00128,0
20,0.001321,0
21,0.00127,0
22,0.001229,0
23,0.001258,0
24,0.001299,0
25,0.001232,0
26,0.001288,0
27,0.00124,0
28,0.001303,0
29,0.001259,0
30,0.001259,0
31,0.001262,0
32,0.00128,0
33,0.00126,0
34,0.001267,0
35,0.001305,0
36,0.001366,0
37,0.001262,0
38,0.001289,0
39,0.001299,0
40,0.001271,0
41,0.001292,0
42,0.001268,0
43,0.001299,0
44,0.001312,0
45,0.001268,0
46,0.001253,0
47,0.001283,0
48,0.001275,0
49,0.001279,0
50,0.001232,0
51,0.001341,0
52,0.001307,0
53,0.001268,0
54,0.001254,0
55,0.001277,0
56,0.001252,0
57,0.00126,0
58,0.001315,0
59,0.001276,0
60,0.001237,0
61,0.001231,0
62,0.001248,0
63,0.001279,0
64,0.001324,0
65,0.001274,0
66,0.001276,0
67,0.001271,0
68,0.001278,0
69,0.001261,0
70,0.001267,0
71,0.001308,0
72,0.001338,0
73,0.001242,0
74,0.001261,0
75,0.001244,0
76,0.001316,0
77,0.001246,0
78,0.001256,0
79,0.001253,0
80,0.001314,0
81,0.00123,0
82,0.001279,0
83,0.001324,0
84,0.00128,0
85,0.001258,0
86,0.001288,0
87,0.001269,0
88,0.001277,0
89,0.001252,0
90,0.001263,0
91,0.001248,0
92,0.001249,0
93,0.001259,0
94,0.001245,0
95,0.001242,0
96,0.001273,0
97,0.001266,0
98,0.001352,0
99,0.001261,0
100,0.001236,0
101,0.001282,0
102,0.001248,0
103,0.001251,0
104,0.00131,0
105,0.00124,0
106,0.001268,0
107,0.001332,0
108,0.001256,0
109,0.001282,0
110,0.001246,0
111,0.001289,0
112,0.001255,0
113,0.00126,0
114,0.00126,0
0,0.001196,0
1,0.00123,0
2,0.001215,0
3,0.00123,0
4,0.001175,0
5,0.001209,0
6,0.001165,0
7,0.001204,0
8,0.00121,0
9,0.001233,0
10,0.001181,0
11,0.00123,0
12,0.001183,0
13,0.001192,0
14,0.00117,0
15,0.00128,0
16,0.001322,0
17,0.001289,0
18,0.001264,0
19,0.001323,0
20,0.001344,0
21,0.001386,0
22,0.00127,0
23,0.00128,0
24,0.001274,0
25,0.001305,0
26,0.00131,0
27,0.001265,0
28,0.001284,0
29,0.00123,0
30,0.001261,0
31,0.001299,0
32,0.001311,0
33,0.001279,0
34,0.001273,0
35,0.001225,0
36,0.001349,0
37,0.001284,0
38,0.001251,0
39,0.001277,0
40,0.00134,0
41,0.001249,0
42,0.001245,0
43,0.001408,0
44,0.00127,0
45,0.001304,0
46,0.001269,0
47,0.001267,0
48,0.001268,0
49,0.00136,0
50,0.001301,0
51,0.001297,0
52,0.001338,0
53,0.001264,0
54,0.001262,0
55,0.0013,0
56,0.001243,0
57,0.001272,0
58,0.001321,0
59,0.001292,0
60,0.001261,0
61,0.001251,0
62,0.001237,0
63,0.001239,0
64,0.001357,0
65,0.001249,0
66,0.00128,0
67,0.001283,0
68,0.001344,0
69,0.001237,0
70,0.001308,0
71,0.001236,0
72,0.001262,0
73,0.00128,0
74,0.001265,0
75,0.00135,0
76,0.001307,0
77,0.001295,0
78,0.001283,0
79,0.001298,0
80,0.001286,0
81,0.001284,0
82,0.001285,0
83,0.001264,0
84,0.001285,0
85,0.001253,0
86,0.001247,0
87,0.001248,0
88,0.001262,0
89,0.001229,0
90,0.001256,0
91,0.001267,0
92,0.001241,0
93,0.001266,0
94,0.001278,0
95,0.001266,0
96,0.001297,0
97,0.001247,0
98,0.001273,0
99,0.001252,0
100,0.001289,0
101,0.00133,0
102,0.001284,0
103,0.001375,0
104,0.001491,0
105,0.001389,0
106,0.001394,0
107,0.001293,0
108,0.001308,0
109,0.001368,0
110,0.001274,0
111,0.001268,0
112,0.001345,0
113,0.001272,0
114,0.001277,0
0,0.001244,0
1,0.001234,0
2,0.001409,0
3,0.001264,0
4,0.001206,0
5,0.001245,0
6,0.001253,0
7,0.001208,0
8,0.001215,0
9,0.001277,0
10,0.001198,0
11,0.001232,0
12,0.001299,0
13,0.001167,0
14,0.001287,0
15,0.001317,0
16,0.001292,0
17,0.00129,0
18,0.001283,0
19,0.001301,0
20,0.001274,0
21,0.001408,0
22,0.001249,0
23,0.001281,0
24,0.001338,0
25,0.001318,0
26,0.001301,0
27,0.001296,0
28,0.001315,0
29,0.001286,0
30,0.001285,0
31,0.001266,0
32,0.001266,0
33,0.001319,0
34,0.001307,0
35,0.001264,0
36,0.00131,0
37,0.001276,0
38,0.001278,0
39,0.0013,0
40,0.001261,0
41,0.001396,0
42,0.001298,0
43,0.001286,0
44,0.001354,0
45,0.001344,0
46,0.001255,0
47,0.001307,0
48,0.001316,0
49,0.001288,0
50,0.001254,0
51,0.001307,0
52,0.001333,0
53,0.001266,0
54,0.001285,0
55,0.001291,0
56,0.001287,0
57,0.001347,0
58,0.001298,0
59,0.001251,0
60,0.001276,0
61,0.00123,0
62,0.001267,0
63,0.001317,0
64,0.001379,0
65,0.001301,0
66,0.001297,0
67,0.001254,0
68,0.00128,0
69,0.001342,0
70,0.001303,0
71,0.001255,0
72,0.001311,0
73,0.001261,0
74,0.001269,0
75,0.001372,0
76,0.001352,0
77,0.00124,0
78,0.001279,0
79,0.001264,0
80,0.001303,0
81,0.001262,0
82,0.001315,0
83,0.001313,0
84,0.001324,0
85,0.001285,0
86,0.001275,0
87,0.001295,0
88,0.001246,0
89,0.001259,0
90,0.001342,0
91,0.001293,0
92,0.001262,0
93,0.001273,0
94,0.00128,0
95,0.001299,0
96,0.00134,0
97,0.001257,0
98,0.001336,0
99,0.001275,0
100,0.00123,0
101,0.001288,0
102,0.001289,0
103,0.001313,0
104,0.001294,0
105,0.001256,0
106,0.001269,0
107,0.001285,0
108,0.001274,0
109,0.001234,0
110,0.001254,0
111,0.001272,0
112,0.001278,0
113,0.001285,0
114,0.001304,0
0,0.001179,0
1,0.001233,0
2,0.00132,0
3,0.001241,0
4,0.001184,0
5,0.001391,0
6,0.001194,0
7,0.001294,0
8,0.001207,0
9,0.001248,0
10,0.001214,0
11,0.001268,0
12,0.001165,0
13,0.001183,0
14,0.0012,0
15,0.001363,0
16,0.001278,0
17,0.001328,0
18,0.001264,0
19,0.001285,0
20,0.001295,0
21,0.001286,0
22,0.001246,0
23,0.001287,0
24,0.001245,0
25,0.001313,0
26,0.001338,0
27,0.001281,0
28,0.001273,0
29,0.001382,0
30,0.001245,0
31,0.001273,0
32,0.0013,0
33,0.001242,0
34,0.001276,0
35,0.001296,0
36,0.001302,0
37,0.001258,0
38,0.001271,0
39,0.001275,0
40,0.001265,0
41,0.001319,0
42,0.001271,0
43,0.001252,0
44,0.001383,0
45,0.001326,0
46,0.001248,0
47,0.001318,0
48,0.001299,0
49,0.001328,0
50,0.001264,0
51,0.001255,0
52,0.001272,0
53,0.00132,0
54,0.001248,0
55,0.00131,0
56,0.001254,0
57,0.001231,0
58,0.001441,0
59,0.0013,0
60,0.001255,0
61,0.00126,0
62,0.001286,0
63,0.001296,0
64,0.00141,0
65,0.001336,0
66,0.001323,0
67,0.001278,0
68,0.001329,0
69,0.001281,0
70,0.001265,0
71,0.001332,0
72,0.001259,0
73,0.001295,0
74,0.001319,0
75,0.001294,0
76,0.001269,0
77,0.001281,0
78,0.001392,0
79,0.001292,0
80,0.001308,0
81,0.001264,0
82,0.001291,0
83,0.00126,0
84,0.00126,0
85,0.001255,0
86,0.001293,0
87,0.001272,0
88,0.00128,0
89,0.001314,0
90,0.00127,0
91,0.001222,0
92,0.001386,0
93,0.001244,0
94,0.001311,0
95,0.001276,0
96,0.00125,0
97,0.001258,0
98,0.00137,0
99,0.001233,0
100,0.00127,0
101,0.001279,0
102,0.001312,0
103,0.001297,0
104,0.001278,0
105,0.001238,0
106,0.001337,0
107,0.001282,0
108,0.001266,0
109,0.001294,0
110,0.001291,0
111,0.001299,0
112,0.001273,0
113,0.001267,0
114,0.001263,0
0,0.001226,0
1,0.001233,0
2,0.001224,0
3,0.001188,0
4,0.001253,0
5,0.001188,0
6,0.001187,0
7,0.001213,0
8,0.001189,0
9,0.00124,0
10,0.001273,0
11,0.00118,0
12,0.001216,0
13,0.001187,0
14,0.001137,0
15,0.001283,0
16,0.001288,0
17,0.001335,0
18,0.001294,0
19,0.001305,0
20,0.001259,0
21,0.00132,0
22,0.001276,0
23,0.001283,0
24,0.001287,0
25,0.001263,0
26,0.001266,0
27,0.001259,0
28,0.001302,0
29,0.001241,0
30,0.001349,0
31,0.001269,0
32,0.001304,0
33,0.001308,0
34,0.00126,0
35,0.001261,0
36,0.001258,0
37,0.001296,0
38,0.001272,0
39,0.001289,0
40,0.001268,0
41,0.001314,0
42,0.001282,0
43,0.001284,0
44,0.001278,0
45,0.001303,0
46,0.001283,0
47,0.001311,0
48,0.001392,0
49,0.001331,0
50,0.001243,0
51,0.001343,0
52,0.001268,0
53,0.00131,0
54,0.001277,0
55,0.001306,0
56,0.001247,0
57,0.001294,0
58,0.001369,0
59,0.001272,0
60,0.001282,0
61,0.001398,0
62,0.001327,0
63,0.001296,0
64,0.001332,0
65,0.001308,0
66,0.001302,0
67,0.001294,0
68,0.001289,0
69,0.001284,0
70,0.00137,0
71,0.001279,0
72,0.001312,0
73,0.001307,0
74,0.001285,0
75,0.001301,0
76,0.0013,0
77,0.00126,0
78,0.001268,0
79,0.001257,0
80,0.001313,0
81,0.001322,0
82,0.001302,0
83,0.001262,0
84,0.001327,0
85,0.001285,0
86,0.001386,0
87,0.001321,0
88,0.001301,0
89,0.001274,0
90,0.001326,0
91,0.001275,0
92,0.001243,0
93,0.001337,0
94,0.001299,0
95,0.001295,0
96,0.0013,0
97,0.001379,0
98,0.001323,0
99,0.001294,0
100,0.001278,0
101,0.588876,0
102,0.0046,0
103,0.001569,0
104,0.001387,0
105,0.001338,0
106,0.001352,0
107,0.001419,0
108,0.001283,0
109,0.001362,0
110,0.00127,0
111,0.001381,0
112,0.001475,0
113,0.001322,0
114,0.001329,0
0,0.001291,0
1,0.00128,0
2,0.001413,0
3,0.001268,0
4,0.001226,0
5,0.001223,0
6,0.001253,0
7,0.001235,0
8,0.001251,0
9,0.001264,0
10,0.001195,0
11,0.001212,0
12,0.001228,0
13,0.001207,0
14,0.001317,0
15,0.001307,0
16,0.001358,0
17,0.001351,0
18,0.00134,0
19,0.001281,0
20,0.001315,0
21,0.001341,0
22,0.001237,0
23,0.001296,0
24,0.001301,0
25,0.001286,0
26,0.001333,0
27,0.001303,0
28,0.001286,0
29,0.00131,0
30,0.001295,0
31,0.001259,0
32,0.001293,0
33,0.001293,0
34,0.001301,0
35,0.001289,0
36,0.001391,0
37,0.001279,0
38,0.001334,0
39,0.001274,0
40,0.001297,0
41,0.001263,0
42,0.001341,0
43,0.001277,0
44,0.001264,0
45,0.001283,0
46,0.001294,0
47,0.00137,0
48,0.001314,0
49,0.001294,0
50,0.00127,0
51,0.001333,0
52,0.001298,0
53,0.001354,0
54,0.001289,0
55,0.001269,0
56,0.001289,0
57,0.001317,0
58,0.001284,0
59,0.001273,0
60,0.001339,0
61,0.001304,0
62,0.001328,0
63,0.001312,0
64,0.001291,0
65,0.001339,0
66,0.001331,0
67,0.001437,0
68,0.001301,0
69,0.001293,0
70,0.001351,0
71,0.00135,0
72,0.001348,0
73,0.00138,0
74,0.001314,0
75,0.001307,0
76,0.001372,0
77,0.001247,0
78,0.001331,0
79,0.001233,0
80,0.001281,0
81,0.001281,0
82,0.001288,0
83,0.001293,0
84,0.001304,0
85,0.001251,0
86,0.001248,0
87,0.001304,0
88,0.00127,0
89,0.001345,0
90,0.001406,0
91,0.001433,0
92,0.001282,0
93,0.001294,0
94,0.001315,0
95,0.001284,0
96,0.001282,0
97,0.001255,0
98,0.001366,0
99,0.001297,0
100,0.001253,0
101,0.001286,0
102,0.001313,0
103,0.001275,0
104,0.001313,0
105,0.001271,0
106,0.001377,0
107,0.001269,0
108,0.001291,0
109,0.001278,0
110,0.0013,0
111,0.001261,0
112,0.001286,0
113,0.00129,0
114,0.001284,0
0,0.001216,0
1,0.001329,0
2,0.001369,0
3,0.001252,0
4,0.00123,0
5,0.00126,0
6,0.001287,0
7,0.001206,0
8,0.001267,0
9,0.001175,0
10,0.001224,0
11,0.001201,0
12,0.001266,0
13,0.001265,0
14,0.001257,0
15,0.001305,0
16,0.001323,0
17,0.00129,0
18,0.001317,0
19,0.001265,0
20,0.001444,0
21,0.001298,0
22,0.001252,0
23,0.001273,0
24,0.001373,0
25,0.00127,0
26,0.001331,0
27,0.001269,0
28,0.001283,0
29,0.001238,0
30,0.001311,0
31,0.001287,0
32,0.001318,0
33,0.001252,0
34,0.001318,0
35,0.001355,0
36,0.001291,0
37,0.001223,0
38,0.001304,0
39,0.001261,0
40,0.001237,0
41,0.00124,0
42,0.001292,0
43,0.001237,0
44,0.001295,0
45,0.001263,0
46,0.001277,0
47,0.001286,0
48,0.001266,0
49,0.001284,0
50,0.00134,0
51,0.001277,0
52,0.001333,0
53,0.001288,0
54,0.00132,0
55,0.00127,0
56,0.001281,0
57,0.00134,0
58,0.00128,0
59,0.001256,0
60,0.001259,0
61,0.001302,0
62,0.001294,0
63,0.001265,0
64,0.001361,0
65,0.001282,0
66,0.001301,0
67,0.001293,0
68,0.001292,0
69,0.001296,0
70,0.001286,0
71,0.001249,0
72,0.001285,0
73,0.001315,0
74,0.001232,0
75,0.00128,0
76,0.001268,0
77,0.001255,0
78,0.001305,0
79,0.001211,0
80,0.001242,0
81,0.00125,0
82,0.001267,0
83,0.00126,0
84,0.001317,0
85,0.001276,0
86,0.001241,0
87,0.001359,0
88,0.001254,0
89,0.001288,0
90,0.001253,0
91,0.001375,0
92,0.001248,0
93,0.001262,0
94,0.001323,0
95,0.001314,0
96,0.001258,0
97,0.001282,0
98,0.001281,0
99,0.00127,0
100,0.001238,0
101,0.001274,0
102,0.001224,0
103,0.001249,0
104,0.001255,0
105,0.001225,0
106,0.001278,0
107,0.001268,0
108,0.001279,0
109,0.001267,0
110,0.001371,0
111,0.001286,0
112,0.001265,0
113,0.00126,0
114,0.001363,0
0,0.001221,0
1,0.001259,0
2,0.001284,0
3,0.001224,0
4,0.001203,0
5,0.001212,0
6,0.001182,0
7,0.001224,0
8,0.001232,0
9,0.001194,0
10,0.001221,0
11,0.001219,0
12,0.001207,0
13,0.001199,0
14,0.001213,0
15,0.001501,0
16,0.001326,0
17,0.001289,0
18,0.001316,0
19,0.001341,0
20,0.001286,0
21,0.001381,0
22,0.001248,0
23,0.001274,0
24,0.001304,0
25,0.001245,0
26,0.001315,0
27,0.00128,0
28,0.001245,0
29,0.001255,0
30,0.001264,0
31,0.001272,0
32,0.001339,0
33,0.075164,0
34,0.002833,0
35,0.001484,0
36,0.001461,0
37,0.001446,0
38,0.001365,0
39,0.001306,0
40,0.001382,0
41,0.001298,0
42,0.001287,0
43,0.00131,0
44,0.001276,0
45,0.001277,0
46,0.001358,0
47,0.001419,0
48,0.001291,0
49,0.001344,0
50,0.001277,0
51,0.001304,0
52,0.001285,0
53,0.001298,0
54,0.001301,0
55,0.001262,0
56,0.001256,0
57,0.001295,0
58,0.001289,0
59,0.028092,0
60,0.00181,0
61,0.00139,0
62,0.001412,0
63,0.001327,0
64,0.00142,0
65,0.00137,0
66,0.001367,0
67,0.001371,0
68,0.001354,0
69,0.001284,0
70,0.001326,0
71,0.0014,0
72,0.001388,0
73,0.001298,0
74,0.001282,0
75,0.001306,0
76,0.001294,0
77,0.001232,0
78,0.001383,0
79,0.001307,0
80,0.001296,0
81,0.001255,0
82,0.001294,0
83,0.001292,0
84,0.001284,0
85,0.001281,0
86,0.001265,0
87,0.001248,0
88,0.001291,0
89,0.001237,0
90,0.001252,0
91,0.001276,0
92,0.00129,0
93,0.00126,0
94,0.00127,0
95,0.00126,0
96,0.001277,0
97,0.001251,0
98,0.001265,0
99,0.001263,0
100,0.001325,0
101,0.001253,0
102,0.001315,0
103,0.001365,0
104,0.001302,0
105,0.001286,0
106,0.001325,0
107,0.001269,0
108,0.001262,0
109,0.001283,0
110,0.001293,0
111,0.001246,0
112,0.001307,0
113,0.001258,0
114,0.001288,0
0,0.001266,0
1,0.001191,0
2,0.001241,0
3,0.001228,0
4,0.001209,0
5,0.001204,0
6,0.001224,0
7,0.001354,0
8,0.00141,0
9,0.001228,0
10,0.001195,0
11,0.001236,0
12,0.001232,0
13,0.001216,0
14,0.001189,0
15,0.001382,0
16,0.001281,0
17,0.001283,0
18,0.001268,0
19,0.0013,0
20,0.00129,0
21,0.001322,0
22,0.001253,0
23,0.001348,0
24,0.001285,0
25,0.00124,0
26,0.001254,0
27,0.001324,0
28,0.001317,0
29,0.001279,0
30,0.001279,0
31,0.00127,0
32,0.001343,0
33,0.001266,0
34,0.001512,0
35,0.001292,0
36,0.001254,0
37,0.00128,0
38,0.001342,0
39,0.001306,0
40,0.001289,0
41,0.001275,0
42,0.001311,0
43,0.001277,0
44,0.001313,0
45,0.001271,0
46,0.001298,0
47,0.001269,0
48,0.001349,0
49,0.001299,0
50,0.001241,0
51,0.001313,0
52,0.001317,0
53,0.001434,0
54,0.001314,0
55,0.001247,0
56,0.001274,0
57,0.001267,0
58,0.00141,0
59,0.001274,0
60,0.001252,0
61,0.001229,0
62,0.001333,0
63,0.001328,0
64,0.001294,0
65,0.001269,0
66,0.001258,0
67,0.001269,0
68,0.001301,0
69,0.00124,0
70,0.00126,0
71,0.001269,0
72,0.001299,0
73,0.001482,0
74,0.001378,0
75,0.001252,0
76,0.001282,0
77,0.001225,0
78,0.001285,0
79,0.001226,0
80,0.001314,0
81,0.001264,0
82,0.001277,0
83,0.001304,0
84,0.001267,0
85,0.001309,0
86,0.001263,0
87,0.001262,0
88,0.001237,0
89,0.001316,0
90,0.001244,0
91,0.001259,0
92,0.001279,0
93,0.001229,0
94,0.001266,0
95,0.001281,0
96,0.001284,0
97,0.001251,0
98,0.001287,0
99,0.001356,0
100,0.001397,0
101,0.00133,0
102,0.001265,0
103,0.001317,0
104,0.001251,0
105,0.001246,0
106,0.00126,0
107,0.001291,0
108,0.001261,0
109,0.001246,0
110,0.001297,0
111,0.001318,0
112,0.001245,0
113,0.001256,0
114,0.001297,0
0,0.001231,0
1,0.001255,0
2,0.001312,0
3,0.001187,0
4,0.001189,0
5,0.001226,0
6,0.001217,0
7,0.001248,0
8,0.00124,0
9,0.001197,0
10,0.001187,0
11,0.0012,0
12,0.00117,0
13,0.001232,0
14,0.001192,0
15,0.001337,0
16,0.00125,0
17,0.00128,0
18,0.001278,0
19,0.00128,0
20,0.001244,0
21,0.001311,0
22,0.001272,0
23,0.00136,0
24,0.00132,0
25,0.001287,0
26,0.001311,0
27,0.001315,0
28,0.001259,0
29,0.001394,0
30,0.001249,0
31,0.001306,0
32,0.001331,0
33,0.001308,0
34,0.001275,0
35,0.001319,0
36,0.001345,0
37,0.001247,0
38,0.001249,0
39,0.001233,0
40,0.001263,0
41,0.001228,0
42,0.001349,0
43,0.001242,0
44,0.00129,0
45,0.001244,0
46,0.001275,0
47,0.001306,0
48,0.001298,0
49,0.001303,0
50,0.001233,0
51,0.001272,0
52,0.001266,0
53,0.001226,0
54,0.00129,0
55,0.00126,0
56,0.001245,0
57,0.001245,0
58,0.001307,0
59,0.001321,0
60,0.001262,0
61,0.001222,0
62,0.001253,0
63,0.001293,0
64,0.001314,0
65,0.001283,0
66,0.001323,0
67,0.001269,0
68,0.001289,0
69,0.001231,0
70,0.001277,0
71,0.001293,0
72,0.001253,0
73,0.00127,0
74,0.001236,0
75,0.001269,0
76,0.001275,0
77,0.001248,0
78,0.001272,0
79,0.001246,0
80,0.001278,0
81,0.001249,0
82,0.00124,0
83,0.001262,0
84,0.001319,0
85,0.001242,0
86,0.001361,0
87,0.001262,0
88,0.00128,0
89,0.00129,0
90,0.001302,0
91,0.00126,0
92,0.001237,0
93,0.001314,0
94,0.001272,0
95,0.001269,0
96,0.001271,0
97,0.001244,0
98,0.001321,0
99,0.001293,0
100,0.001247,0
101,0.001246,0
102,0.001262,0
103,0.001226,0
104,0.001268,0
105,0.001214,0
106,0.001274,0
107,0.001262,0
108,0.001246,0
109,0.001271,0
110,0.001266,0
111,0.001307,0
112,0.001278,0
113,0.001252,0
114,0.001281,0
0,0.001233,0
1,0.001278,0
2,0.001278,0
3,0.001352,0
4,0.001211,0
5,0.001234,0
6,0.001234,0
7,0.001261,0
8,0.001175,0
9,0.001301,0
10,0.001218,0
11,0.001202,0
12,0.001198,0
13,0.001173,0
14,0.001159,0
15,0.001318,0
16,0.001318,0
17,0.001339,0
18,0.001288,0
19,0.001304,0
20,0.001281,0
21,0.001326,0
22,0.001226,0
23,0.001292,0
24,0.001358,0
25,0.001268,0
26,0.001245,0
27,0.001293,0
28,0.001278,0
29,0.001236,0
30,0.001272,0
31,0.001294,0
32,0.001255,0
33,0.001267,0
34,0.001238,0
35,0.001366,0
36,0.001253,0
37,0.001272,0
38,0.001328,0
39,0.001266,0
40,0.001293,0
41,0.00126,0
42,0.00127,0
43,0.001242,0
44,0.001294,0
45,0.001249,0
46,0.001248,0
47,0.001281,0
48,0.001246,0
49,0.001264,0
50,0.001239,0
51,0.001324,0
52,0.001248,0
53,0.001371,0
54,0.001318,0
55,0.001323,0
56,0.001294,0
57,0.001262,0
58,0.0013,0
59,0.001366,0
60,0.001278,0
61,0.0014,0
62,0.001272,0
63,0.001372,0
64,0.001375,0
65,0.001284,0
66,0.001262,0
67,0.00133,0
68,0.001275,0
69,0.001277,0
70,0.001277,0
71,0.001295,0
72,0.001278,0
73,0.001246,0
74,0.001342,0
75,0.001301,0
76,0.001266,0
77,0.001275,0
78,0.001288,0
79,0.001255,0
80,0.001284,0
81,0.001281,0
82,0.001249,0
83,0.001327,0
84,0.001308,0
85,0.001249,0
86,0.0013,0
87,0.001271,0
88,0.00129,0
89,0.001271,0
90,0.001303,0
91,0.001262,0
92,0.001268,0
93,0.001312,0
94,0.001279,0
95,0.001295,0
96,0.001308,0
97,0.001248,0
98,0.001274,0
99,0.001314,0
100,0.001244,0
101,0.001283,0
102,0.001253,0
103,0.001292,0
104,0.001279,0
105,0.001229,0
106,0.001255,0
107,0.001293,0
108,0.001291,0
109,0.001304,0
110,0.001297,0
111,0.001309,0
112,0.001258,0
113,0.001256,0
114,0.001276,0
0,0.001208,0
1,0.001196,0
2,0.001231,0
3,0.001259,0
4,0.001203,0
5,0.001216,0
6,0.001242,0
7,0.001201,0
8,0.001218,0
9,0.001218,0
10,0.001225,0
11,0.001226,0
12,0.001193,0
13,0.001173,0
14,0.001222,0
15,0.001373,0
16,0.001272,0
17,0.001302,0
18,0.001251,0
19,0.00129,0
20,0.001306,0
21,0.00128,0
22,0.001282,0
23,0.001259,0
24,0.00129,0
25,0.00126,0
26,0.001279,0
27,0.001289,0
28,0.001233,0
29,0.001256,0
30,0.001265,0
31,0.001296,0
32,0.001292,0
33,0.001255,0
34,0.001342,0
35,0.001289,0
36,0.001282,0
37,0.001277,0
38,0.001236,0
39,0.001271,0
40,0.001325,0
41,0.001268,0
42,0.001313,0
43,0.001272,0
44,0.001318,0
45,0.001242,0
46,0.001299,0
47,0.001311,0
48,0.0013,0
49,0.001303,0
50,0.001307,0
51,0.001266,0
52,0.001288,0
53,0.001261,0
54,0.001295,0
55,0.001301,0
56,0.001265,0
57,0.001271,0
58,0.001299,0
59,0.00132,0
60,0.001272,0
61,0.001237,0
62,0.001334,0
63,0.001462,0
64,0.001532,0
65,0.001282,0
66,0.001301,0
67,0.001286,0
68,0.001323,0
69,0.00125,0
70,0.0013,0
71,0.001253,0
72,0.001264,0
73,0.001268,0
74,0.001281,0
75,0.001267,0
76,0.001383,0
77,0.001243,0
78,0.001325,0
79,0.001221,0
80,0.001272,0
81,0.001309,0
82,0.001272,0
83,0.001283,0
84,0.001253,0
85,0.001349,0
86,0.001317,0
87,0.001307,0
88,0.00127,0
89,0.001263,0
90,0.001289,0
91,0.00128,0
92,0.001249,0
93,0.001273,0
94,0.001345,0
95,0.001267,0
96,0.001294,0
97,0.001225,0
98,0.001297,0
99,0.001296,0
100,0.001272,0
101,0.001299,0
102,0.001442,0
103,0.001253,0
104,0.001288,0
105,0.001238,0
106,0.001318,0
107,0.001256,0
108,0.001293,0
109,0.001258,0
110,0.001274,0
111,0.001255,0
112,0.001282,0
113,0.001245,0
114,0.001265,0
0,0.00117,0
1,0.001252,0
2,0.001233,0
3,0.00125,0
4,0.001196,0
5,0.001237,0
6,0.001255,0
7,0.001207,0
8,0.001223,0
9,0.00118,0
10,0.001182,0
11,0.001198,0
12,0.001266,0
13,0.001177,0
14,0.001154,0
15,0.001294,0
16,0.001292,0
17,0.001256,0
18,0.001231,0
19,0.001266,0
20,0.001259,0
21,0.001311,0
22,0.001232,0
23,0.00129,0
24,0.00127,0
25,0.001267,0
26,0.001291,0
27,0.0013,0
28,0.001272,0
29,0.001287,0
30,0.001257,0
31,0.001343,0
32,0.001261,0
33,0.001317,0
34,0.001278,0
35,0.001269,0
36,0.001247,0
37,0.00128,0
38,0.001296,0
39,0.001266,0
40,0.001249,0
41,0.001293,0
42,0.001287,0
43,0.001275,0
44,0.001283,0
45,0.001252,0
46,0.001234,0
47,0.001296,0
48,0.001252,0
49,0.00126,0
50,0.001245,0
51,0.001303,0
52,0.001259,0
53,0.001233,0
54,0.001245,0
55,0.00133,0
56,0.001279,0
57,0.001257,0
58,0.001304,0
59,0.001252,0
60,0.001252,0
61,0.001315,0
62,0.001248,0
63,0.00129,0
64,0.001346,0
65,0.001251,0
66,0.001277,0
67,0.001262,0
68,0.001271,0
69,0.001264,0
70,0.001275,0
71,0.00129,0
72,0.001293,0
73,0.001247,0
74,0.001251,0
75,0.001261,0
76,0.017681,0
77,0.001974,0
78,0.001436,0
79,0.001286,0
80,0.001356,0
81,0.001327,0
82,0.001278,0
83,0.001332,0
84,0.001489,0
85,0.001258,0
86,0.001313,0
87,0.001269,0
88,0.001318,0
89,0.001333,0
90,0.001296,0
91,0.001299,0
92,0.001263,0
93,0.001275,0
94,0.001284,0
95,0.001273,0
96,0.001315,0
97,0.001222,0
98,0.001398,0
99,0.001289,0
100,0.001267,0
101,0.001284,0
102,0.001293,0
103,0.001254,0
104,0.00124,0
105,0.001292,0
106,0.001344,0
107,0.001373,0
108,0.001278,0
109,0.001311,0
110,0.001337,0
111,0.001289,0
112,0.001291,0
113,0.00125,0
114,0.001286,0
0,0.001265,0
1,0.001257,0
2,0.001319,0
3,0.001205,0
4,0.001235,0
5,0.001231,0
6,0.001194,0
7,0.001235,0
8,0.001187,0
9,0.001248,0
10,0.001186,0
11,0.001231,0
12,0.001173,0
13,0.001186,0
14,0.001221,0
15,0.001377,0
16,0.001301,0
17,0.001366,0
18,0.001321,0
19,0.00131,0
20,0.001293,0
21,0.001283,0
22,0.001299,0
23,0.001266,0
24,0.001297,0
25,0.001257,0
26,0.00129,0
27,0.001272,0
28,0.001287,0
29,0.001293,0
30,0.001278,0
31,0.001308,0
32,0.001285,0
33,0.001273,0
34,0.001287,0
35,0.001243,0
36,0.001286,0
37,0.001303,0
38,0.001274,0
39,0.001265,0
40,0.001269,0
41,0.001315,0
42,0.001289,0
43,0.00125,0
44,0.001277,0
45,0.001278,0
46,0.001245,0
47,0.001332,0
48,0.00125,0
49,0.001309,0
50,0.042932,0
51,0.002468,0
52,0.001478,0
53,0.001435,0
54,0.001293,0
55,0.001391,0
56,0.001337,0
57,0.001331,0
58,0.001322,0
59,0.001417,0
60,0.001245,0
61,0.001431,0
62,0.001295,0
63,0.001342,0
64,0.001359,0
65,0.001498,0
66,0.001468,0
67,0.001314,0
68,0.001306,0
69,0.00124,0
70,0.001316,0
71,0.001348,0
72,0.001304,0
73,0.001237,0
74,0.001273,0
75,0.001267,0
76,0.001271,0
77,0.001283,0
78,0.00129,0
79,0.001234,0
80,0.001314,0
81,0.001245,0
82,0.0013,0
83,0.001262,0
84,0.001325,0
85,0.001281,0
86,0.001294,0
87,0.0013,0
88,0.001276,0
89,0.001275,0
90,0.001322,0
91,0.001261,0
92,0.001292,0
93,0.001252,0
94,0.001296,0
95,0.001267,0
96,0.00128,0
97,0.001231,0
98,0.001317,0
99,0.001259,0
100,0.00135,0
101,0.001271,0
102,0.001309,0
103,0.001265,0
104,0.001282,0
105,0.001253,0
106,0.001294,0
107,0.001262,0
108,0.001303,0
109,0.00127,0
110,0.001302,0
111,0.001334,0
112,0.001306,0
113,0.001298,0
114,0.001405,0
0,0.001214,0
1,0.00122,0
2,0.001241,0
3,0.001257,0
4,0.001196,0
5,0.001218,0
6,0.001171,0
7,0.001197,0
8,0.001202,0
9,0.001183,0
10,0.001259,0
11,0.001191,0
12,0.001211,0
13,0.001167,0
14,0.001172,0
15,0.001318,0
16,0.00128,0
17,0.001284,0
18,0.001266,0
19,0.001261,0
20,0.001276,0
21,0.001306,0
22,0.001228,0
23,0.001268,0
24,0.001296,0
25,0.001244,0
26,0.001267,0
27,0.001278,0
28,0.001258,0
29,0.001247,0
30,0.001267,0
31,0.001265,0
32,0.001284,0
33,0.001284,0
34,0.001247,0
35,0.001307,0
36,0.001385,0
37,0.00145,0
38,0.001346,0
39,0.001391,0
40,0.001275,0
41,0.001273,0
42,0.001313,0
43,0.001304,0
44,0.001263,0
45,0.00132,0
46,0.00129,0
47,0.001345,0
48,0.001277,0
49,0.001396,0
50,0.001246,0
51,0.001327,0
52,0.001329,0
53,0.001301,0
54,0.001299,0
55,0.001381,0
56,0.001331,0
57,0.001282,0
58,0.001396,0
59,0.001309,0
60,0.001284,0
61,0.0013,0
62,0.001309,0
63,0.001295,0
64,0.00131,0
65,0.001283,0
66,0.001305,0
67,0.001312,0
68,0.001253,0
69,0.001294,0
70,0.001261,0
71,0.001287,0
72,0.001287,0
73,0.001267,0
74,0.001247,0
75,0.001265,0
76,0.001289,0
77,0.001293,0
78,0.001261,0
79,0.00127,0
80,0.001286,0
81,0.001327,0
82,0.001313,0
83,0.001286,0
84,0.001264,0
85,0.001243,0
86,0.001305,0
87,0.001339,0
88,0.001252,0
89,0.001276,0
90,0.001292,0
91,0.001339,0
92,0.001301,0
93,0.00125,0
94,0.001287,0
95,0.001292,0
96,0.001312,0
97,0.001234,0
98,0.001309,0
99,0.001234,0
100,0.001271,0
101,0.00133,0
102,0.001257,0
103,0.001239,0
104,0.001271,0
105,0.001291,0
106,0.00129,0
107,0.001307,0
108,0.0013,0
109,0.001232,0
110,0.001315,0
111,0.001238,0
112,0.001327,0
113,0.001246,0
114,0.001246,0
0,0.001209,0
1,0.001215,0
2,0.001275,0
3,0.001251,0
4,0.001233,0
5,0.00122,0
6,0.001203,0
7,0.001226,0
8,0.001215,0
9,0.001183,0
10,0.001198,0
11,0.001223,0
12,0.001168,0
13,0.001161,0
14,0.001206,0
15,0.001344,0
16,0.001318,0
17,0.001304,0
18,0.001245,0
19,0.001253,0
20,0.001241,0
21,0.001309,0
22,0.001256,0
23,0.001263,0
24,0.001266,0
25,0.001275,0
26,0.001256,0
27,0.001291,0
28,0.001293,0
29,0.001263,0
30,0.001273,0
31,0.001242,0
32,0.001303,0
33,0.001234,0
34,0.001266,0
35,0.001252,0
36,0.001254,0
37,0.001277,0
38,0.001289,0
39,0.00122,0
40,0.001267,0
41,0.00125,0
42,0.001282,0
43,0.001239,0
44,0.001305,0
45,0.00125,0
46,0.001279,0
47,0.00127,0
48,0.001292,0
49,0.001265,0
50,0.00123,0
51,0.001317,0
52,0.001241,0
53,0.001278,0
54,0.001246,0
55,0.001302,0
56,0.001239,0
57,0.00128,0
58,0.001298,0
59,0.001273,0
60,0.001309,0
61,0.001265,0
62,0.001334,0
63,0.001416,0
64,0.001377,0
65,0.001309,0
66,0.001279,0
67,0.001314,0
68,0.001297,0
69,0.001267,0
70,0.001305,0
71,0.0013,0
72,0.001296,0
73,0.001301,0
74,0.001225,0
75,0.001281,0
76,0.001288,0
77,0.001245,0
78,0.001287,0
79,0.001255,0
80,0.001251,0
81,0.001239,0
82,0.001309,0
83,0.001245,0
84,0.001285,0
85,0.001253,0
86,0.001303,0
87,0.001246,0
88,0.001286,0
89,0.00131,0
90,0.00127,0
91,0.001306,0
92,0.00127,0
93,0.00128,0
94,0.001297,0
95,0.001373,0
96,0.001383,0
97,0.001229,0
98,0.001278,0
99,0.001266,0
100,0.001247,0
101,0.001312,0
102,0.001286,0
103,0.001262,0
104,0.001322,0
105,0.001245,0
106,0.001283,0
107,0.001247,0
108,0.001253,0
109,0.001317,0
110,0.001305,0
111,0.001302,0
112,0.001261,0
113,0.001272,0
114,0.001272,0
0,0.001243,0
1,0.001284,0
2,0.001297,0
3,0.001257,0
4,0.001226,0
5,0.001192,0
6,0.001223,0
7,0.001274,0
8,0.001203,0
9,0.001223,0
10,0.001198,0
11,0.00119,0
12,0.001178,0
13,0.001199,0
14,0.001199,0
15,0.001351,0
16,0.001273,0
17,0.001302,0
18,0.001265,0
19,0.001302,0
20,0.001312,0
21,0.001324,0
22,0.001223,0
23,0.001246,0
24,0.001277,0
25,0.001291,0
26,0.001325,0
27,0.001292,0
28,0.001242,0
29,0.001323,0
30,0.001303,0
31,0.001288,0
32,0.00133,0
33,0.001253,0
34,0.001216,0
35,0.001244,0
36,0.001286,0
37,0.001293,0
38,0.001254,0
39,0.001288,0
40,0.001271,0
41,0.001299,0
42,0.00128,0
43,0.001282,0
44,0.001332,0
45,0.001328,0
46,0.001257,0
47,0.001314,0
48,0.001322,0
49,0.001316,0
50,0.00131,0
51,0.001316,0
52,0.001255,0
53,0.00128,0
54,0.001254,0
55,0.001299,0
56,0.001296,0
57,0.001348,0
58,0.001301,0
59,0.001408,0
60,0.001247,0
61,0.001271,0
62,0.001374,0
63,0.001276,0
64,0.00134,0
65,0.001332,0
66,0.001231,0
67,0.001288,0
68,0.001277,0
69,0.001301,0
70,0.001255,0
71,0.001304,0
72,0.001281,0
73,0.001369,0
74,0.001229,0
75,0.001331,0
76,0.001343,0
77,0.00127,0
78,0.001302,0
79,0.00124,0
80,0.00134,0
81,0.00123,0
82,0.001265,0
83,0.00127,0
84,0.001256,0
85,0.001271,0
86,0.00127,0
87,0.001523,0
88,0.001371,0
89,0.001306,0
90,0.001327,0
91,0.001304,0
92,0.001303,0
93,0.001284,0
94,0.001303,0
95,0.001312,0
96,0.001283,0
97,0.00129,0
98,0.001293,0
99,0.001274,0
100,0.001245,0
101,0.001317,0
102,0.001283,0
103,0.001293,0
104,0.001329,0
105,0.001295,0
106,0.001255,0
107,0.001289,0
108,0.001283,0
109,0.00123,0
110,0.001291,0
111,0.001277,0
112,0.001418,0
113,0.001264,0
114,0.001366,0
0,0.001229,0
1,0.001208,0
2,0.001265,0
3,0.001295,0
4,0.001243,0
5,0.001275,0
6,0.001225,0
7,0.001285,0
8,0.001212,0
9,0.001186,0
10,0.001273,0
11,0.001175,0
12,0.001183,0
13,0.001241,0
14,0.001207,0
15,0.001264,0
16,0.001266,0
17,0.00127,0
18,0.001258,0
19,0.001308,0
20,0.001296,0
21,0.001351,0
22,0.001278,0
23,0.001261,0
24,0.001345,0
25,0.001289,0
26,0.001258,0
27,0.001292,0
28,0.001241,0
29,0.001254,0
30,0.001237,0
31,0.001313,0
32,0.001241,0
33,0.001265,0
34,0.001243,0
35,0.00131,0
36,0.001284,0
37,0.001364,0
38,0.00125,0
39,0.001278,0
40,0.001261,0
41,0.001298,0
42,0.001406,0
43,0.001312,0
44,0.001302,0
45,0.001267,0
46,0.001319,0
47,0.001343,0
48,0.001333,0
49,0.001282,0
50,0.001275,0
51,0.001269,0
52,0.001281,0
53,0.001243,0
54,0.001367,0
55,0.001287,0
56,0.001254,0
57,0.001316,0
58,0.001321,0
59,0.001311,0
60,0.001337,0
61,0.001245,0
62,0.001275,0
63,0.001334,0
64,0.001316,0
65,0.001329,0
66,0.001294,0
67,0.001303,0
68,0.001299,0
69,0.00127,0
70,0.001321,0
71,0.00133,0
72,0.001242,0
73,0.001263,0
74,0.00127,0
75,0.001376,0
76,0.001295,0
77,0.001303,0
78,0.001337,0
79,0.001274,0
80,0.001329,0
81,0.001278,0
82,0.001275,0
83,0.001281,0
84,0.001278,0
85,0.001271,0
86,0.001256,0
87,0.001279,0
88,0.001243,0
89,0.001302,0
90,0.00132,0
91,0.001268,0
92,0.001232,0
93,0.001289,0
94,0.001285,0
95,0.001328,0
96,0.001279,0
97,0.001238,0
98,0.001351,0
99,0.001256,0
100,0.001261,0
101,0.001348,0
102,0.001287,0
103,0.0013,0
104,0.001312,0
105,0.001251,0
106,0.001299,0
107,0.001265,0
108,0.001298,0
109,0.001326,0
110,0.001281,0
111,0.001292,0
112,0.001328,0
113,0.001274,0
114,0.001368,0
0,0.001188,0
1,0.00127,0
2,0.001332,0
3,0.001206,0
4,0.001209,0
5,0.001259,0
6,0.001203,0
7,0.001249,0
8,0.001214,0
9,0.001177,0
10,0.001208,0
11,0.001208,0
12,0.001164,0
13,0.001179,0
14,0.001193,0
15,0.001288,0
16,0.00128,0
17,0.001369,0
18,0.001258,0
19,0.001268,0
20,0.001299,0
21,0.00133,0
22,0.025221,0
23,0.002159,0
24,0.001594,0
25,0.001271,0
26,0.001297,0
27,0.001342,0
28,0.001277,0
29,0.00132,0
30,0.001266,0
31,0.001298,0
32,0.001273,0
33,0.001304,0
34,0.001331,0
35,0.001297,0
36,0.001288,0
37,0.001293,0
38,0.00137,0
39,0.001328,0
40,0.001267,0
41,0.001312,0
42,0.001295,0
43,0.001315,0
44,0.001268,0
45,0.001298,0
46,0.00129,0
47,0.001301,0
48,0.001261,0
49,0.001259,0
50,0.001329,0
51,0.00129,0
52,0.001294,0
53,0.00128,0
54,0.001278,0
55,0.001279,0
56,0.001373,0
57,0.00134,0
58,0.001315,0
59,0.001288,0
60,0.001254,0
61,0.001284,0
62,0.001258,0
63,0.001349,0
64,0.001309,0
65,0.001311,0
66,0.001251,0
67,0.001305,0
68,0.001283,0
69,0.001306,0
70,0.001272,0
71,0.001325,0
72,0.001271,0
73,0.001271,0
74,0.001265,0
75,0.001256,0
76,0.001347,0
77,0.00129,0
78,0.001247,0
79,0.001252,0
80,0.001297,0
81,0.001253,0
82,0.001279,0
83,0.001285,0
84,0.001253,0
85,0.001272,0
86,0.001255,0
87,0.001311,0
88,0.001261,0
89,0.001314,0
90,0.001247,0
91,0.001283,0
92,0.001313,0
93,0.001312,0
94,0.001311,0
95,0.001258,0
96,0.00128,0
97,0.001321,0
98,0.001311,0
99,0.001281,0
100,0.001235,0
101,0.001339,0
102,0.001271,0
103,0.001262,0
104,0.00136,0
105,0.001294,0
106,0.001314,0
107,0.001241,0
108,0.001276,0
109,0.00126,0
110,0.001328,0
111,0.001259,0
112,0.001366,0
113,0.001268,0
114,0.001279,0
0,0.001214,0
1,0.001263,0
2,0.001277,0
3,0.001181,0
4,0.00117,0
5,0.001206,0
6,0.001251,0
7,0.001207,0
8,0.001166,0
9,0.001166,0
10,0.00118,0
11,0.001161,0
12,0.001184,0
13,0.001174,0
14,0.001194,0
15,0.001349,0
16,0.001253,0
17,0.001283,0
18,0.001268,0
19,0.001324,0
20,0.00131,0
21,0.00131,0
22,0.001292,0
23,0.001232,0
24,0.00128,0
25,0.001257,0
26,0.001314,0
27,0.001269,0
28,0.001351,0
29,0.001281,0
30,0.001321,0
31,0.001341,0
32,0.001249,0
33,0.00129,0
34,0.001274,0
35,0.001278,0
36,0.001284,0
37,0.00126,0
38,0.001213,0
39,0.001294,0
40,0.001281,0
41,0.001297,0
42,0.00124,0
43,0.001275,0
44,0.001251,0
45,0.001253,0
46,0.001264,0
47,0.001326,0
48,0.001281,0
49,0.001298,0
50,0.00127,0
51,0.001343,0
52,0.001296,0
53,0.001243,0
54,0.001257,0
55,0.001272,0
56,0.001305,0
57,0.001334,0
58,0.00126,0
59,0.001313,0
60,0.001277,0
61,0.001234,0
62,0.001249,0
63,0.001275,0
64,0.001304,0
65,0.001325,0
66,0.001206,0
67,0.001278,0
68,0.001287,0
69,0.001248,0
70,0.00127,0
71,0.00131,0
72,0.001235,0
73,0.00126,0
74,0.001227,0
75,0.001353,0
76,0.001277,0
77,0.001275,0
78,0.0013,0
79,0.001238,0
80,0.001352,0
81,0.001227,0
82,0.001241,0
83,0.001296,0
84,0.001292,0
85,0.001233,0
86,0.001273,0
87,0.001251,0
88,0.001343,0
89,0.001268,0
90,0.001298,0
91,0.001261,0
92,0.001248,0
93,0.001245,0
94,0.001266,0
95,0.001329,0
96,0.001245,0
97,0.001292,0
98,0.001337,0
99,0.001293,0
100,0.001244,0
101,0.001287,0
102,0.001244,0
103,0.001242,0
104,0.001292,0
105,0.001228,0
106,0.001308,0
107,0.001317,0
108,0.001236,0
109,0.001296,0
110,0.001248,0
111,0.001276,0
112,0.001276,0
113,0.001231,0
114,0.001262,0
0,0.001179,0
1,0.001273,0
2,0.001226,0
3,0.001267,0
4,0.001202,0
5,0.001242,0
6,0.001223,0
7,0.001202,0
8,0.001197,0
9,0.001186,0
10,0.001195,0
11,0.001179,0
12,0.001219,0
13,0.001176,0
14,0.001156,0
15,0.001244,0
16,0.001363,0
17,0.001263,0
18,0.001276,0
19,0.001258,0
20,0.001286,0
21,0.001343,0
22,0.001253,0
23,0.0013,0
24,0.001266,0
25,0.001284,0
26,0.001268,0
27,0.001292,0
28,0.00125,0
29,0.001307,0
30,0.001227,0
31,0.001288,0
32,0.001258,0
33,0.001279,0
34,0.00127,0
35,0.001243,0
36,0.001304,0
37,0.001268,0
38,0.001285,0
39,0.001272,0
40,0.001275,0
41,0.001259,0
42,0.001231,0
43,0.001274,0
44,0.001348,0
45,0.001324,0
46,0.001257,0
47,0.001318,0
48,0.001251,0
49,0.001266,0
50,0.001237,0
51,0.001298,0
52,0.001218,0
53,0.001234,0
54,0.001263,0
55,0.001267,0
56,0.001252,0
57,0.001285,0
58,0.001297,0
59,0.001366,0
60,0.001228,0
61,0.001297,0
62,0.001249,0
63,0.001287,0
64,0.001293,0
65,0.001286,0
66,0.001301,0
67,0.001305,0
68,0.001293,0
69,0.001269,0
70,0.001237,0
71,0.001301,0
72,0.001258,0
73,0.001321,0
74,0.001225,0
75,0.001261,0
76,0.001294,0
77,0.001277,0
78,0.001275,0
79,0.001224,0
80,0.001259,0
81,0.001319,0
82,0.00125,0
83,0.001275,0
84,0.001223,0
85,0.001275,0
86,0.001255,0
87,0.001293,0
88,0.001305,0
89,0.001319,0
90,0.001227,0
91,0.001252,0
92,0.001239,0
93,0.001248,0
94,0.001264,0
95,0.00131,0
96,0.001453,0
97,0.001338,0
98,0.001297,0
99,0.001254,0
100,0.00123,0
101,0.001376,0
102,0.001259,0
103,0.00124,0
104,0.001256,0
105,0.00129,0
106,0.001263,0
107,0.001269,0
108,0.001232,0
109,0.001271,0
110,0.001307,0
111,0.00129,0
112,0.001238,0
113,0.001292,0
114,0.001264,0
